id,title,date,start_time,end_time,location,genre,description,link,link_label,address
walter-majik-2026-09-03,Walter Majik,2026-09-03,5:00 PM,10:00 PM,Johnny's Green Room,Music,,https://johnnysgreenroom.com/music-program/,See program,"293-297 Lygon St, Carlton"
dawn-again-toni-yotzi-2026-09-04,Dawn Again & Toni Yotzi,2026-09-04,5:00 PM,12:00 AM,Johnny's Green Room,Music,,https://johnnysgreenroom.com/music-program/,See program,"293-297 Lygon St, Carlton"
david-boyd-smiley-yus-f-2026-09-05,David Boyd Smiley & Yus.F,2026-09-05,3:00 PM,12:00 AM,Johnny's Green Room,Music,,https://johnnysgreenroom.com/music-program/,See program,"293-297 Lygon St, Carlton"
sunday-roast-2026-09-06,Sunday Roast,2026-09-06,12:00 PM,,The Lincoln,Food & Drink,Every Sunday,https://www.hotellincoln.com.au/whats-on,What's on,"91 Cardigan St, Carlton"
sunday-jazz-2026-09-06,Sunday Jazz,2026-09-06,1:00 PM,4:00 PM,The Clyde Hotel,Music,Every Sunday,https://www.theclydehotel.com.au/,What's on,"385 Cardigan St, Carlton"
dj-edgeworker-smoochie-2026-09-06,DJ Edgeworker & Smoochie,2026-09-06,2:00 PM,8:00 PM,Johnny's Green Room,Music,,https://johnnysgreenroom.com/music-program/,See program,"293-297 Lygon St, Carlton"
katie-pearson-2026-09-10,Katie Pearson,2026-09-10,5:00 PM,10:00 PM,Johnny's Green Room,Music,,https://johnnysgreenroom.com/music-program/,See program,"293-297 Lygon St, Carlton"
hannah-d-dj-coward-2026-09-11,Hannah D & DJ Coward,2026-09-11,5:00 PM,12:00 AM,Johnny's Green Room,Music,,https://johnnysgreenroom.com/music-program/,See program,"293-297 Lygon St, Carlton"
kuzco-ewan-sutardy-jasa-2026-09-12,"Kuzco, Ewan Sutardy & Jasa",2026-09-12,3:00 PM,12:00 AM,Johnny's Green Room,Music,,https://johnnysgreenroom.com/music-program/,See program,"293-297 Lygon St, Carlton"
sunday-roast-2026-09-13,Sunday Roast,2026-09-13,12:00 PM,,The Lincoln,Food & Drink,,https://www.hotellincoln.com.au/whats-on,What's on,"91 Cardigan St, Carlton"
sunday-jazz-2026-09-13,Sunday Jazz,2026-09-13,1:00 PM,4:00 PM,The Clyde Hotel,Music,Every Sunday,https://www.theclydehotel.com.au/,What's on,"385 Cardigan St, Carlton"
tanzer-2026-09-13,Tanzer,2026-09-13,2:00 PM,8:00 PM,Johnny's Green Room,Music,,https://johnnysgreenroom.com/music-program/,See program,"293-297 Lygon St, Carlton"
dj-mont-2026-09-17,DJ Mont,2026-09-17,5:00 PM,10:00 PM,Johnny's Green Room,Music,,https://johnnysgreenroom.com/music-program/,See program,"293-297 Lygon St, Carlton"
daws-dj-possum-2026-09-18,Daws & DJ Possum,2026-09-18,5:00 PM,12:00 AM,Johnny's Green Room,Music,,https://johnnysgreenroom.com/music-program/,See program,"293-297 Lygon St, Carlton"
do-more-than-drink-2026-09-19,Do More Than Drink,2026-09-19,12:00 PM,12:00 AM,The Lincoln,Food & Drink,Event with Charity called Scarf,https://www.hotellincoln.com.au/whats-on,What's on,"91 Cardigan St, Carlton"
monique-tya-myles-mac-yollks-2026-09-19,"Monique Tya, Myles Mac & Yollks",2026-09-19,3:00 PM,12:00 AM,Johnny's Green Room,Music,,https://johnnysgreenroom.com/music-program/,See program,"293-297 Lygon St, Carlton"
do-more-than-drink-2026-09-20,Do More Than Drink,2026-09-20,12:00 PM,11:00 PM,The Lincoln,Food & Drink,Second day of event,https://www.hotellincoln.com.au/whats-on,What's on,"91 Cardigan St, Carlton"
sunday-roast-2026-09-20,Sunday Roast,2026-09-20,12:00 PM,,The Lincoln,Food & Drink,,https://www.hotellincoln.com.au/whats-on,What's on,"91 Cardigan St, Carlton"
sunday-jazz-2026-09-20,Sunday Jazz,2026-09-20,1:00 PM,4:00 PM,The Clyde Hotel,Music,Every Sunday,https://www.theclydehotel.com.au/,What's on,"385 Cardigan St, Carlton"
jazz-nice-girl-2026-09-20,Jazz & Nice Girl,2026-09-20,2:00 PM,8:00 PM,Johnny's Green Room,Music,,https://johnnysgreenroom.com/music-program/,See program,"293-297 Lygon St, Carlton"
dj-empty-2026-09-24,DJ Empty,2026-09-24,5:00 PM,10:00 PM,Johnny's Green Room,Music,,https://johnnysgreenroom.com/music-program/,See program,"293-297 Lygon St, Carlton"
mino-colette-2026-09-25,Mino & Colette,2026-09-25,5:00 PM,12:00 AM,Johnny's Green Room,Music,,https://johnnysgreenroom.com/music-program/,See program,"293-297 Lygon St, Carlton"
afl-grand-final-2026-09-26,AFL Grand Final,2026-09-26,12:00 PM,11:00 PM,The Lincoln,Food & Drink,Australian event,https://www.hotellincoln.com.au/whats-on,What's on,"91 Cardigan St, Carlton"
luigi-sollydass-hysteric-2026-09-26,"Luigi, Sollydass & Hysteric",2026-09-26,3:00 PM,12:00 AM,Johnny's Green Room,Music,,https://johnnysgreenroom.com/music-program/,See program,"293-297 Lygon St, Carlton"
sunday-roast-2026-09-27,Sunday Roast,2026-09-27,12:00 PM,,The Lincoln,Food & Drink,,https://www.hotellincoln.com.au/whats-on,What's on,"91 Cardigan St, Carlton"
sunday-jazz-2026-09-27,Sunday Jazz,2026-09-27,1:00 PM,4:00 PM,The Clyde Hotel,Music,Every Sunday,https://www.theclydehotel.com.au/,What's on,"385 Cardigan St, Carlton"
dj-retro-red-mzrizk-2026-09-27,DJ Retro Red & MZRIZK,2026-09-27,2:00 PM,8:00 PM,Johnny's Green Room,Music,,https://johnnysgreenroom.com/music-program/,See program,"293-297 Lygon St, Carlton"
the-rising-sun-2026-09-29,The Rising Sun,2026-09-29,6:30 PM,9:30 PM,Elder Gods and Dragons,Games & Play,,https://www.egad.com.au/event-details-registration/the-rising-sun,Register,"Unit 5/233 Cardigan St, Carlton"
gossip-2026-09-30,Gossip,2026-09-30,5:45 PM,6:45 PM,Trades Hall (Fringe Hub),Theatre & Cabaret,,https://www.melbournefringe.com.au/whats-on/events/gossip,Get tickets,"Cnr Victoria & Lygon St, Carlton"
access-adventures-feat-jess-thoms-from-t-2026-09-30,Access Adventures feat. Jess Thoms from Touretteshero,2026-09-30,6:00 PM,7:30 PM,Trades Hall (Fringe Hub),Talks & Community,,https://www.melbournefringe.com.au/whats-on/events/access-adventures-feat-jess-thoms-from-touretteshero,Get tickets,"Cnr Victoria & Lygon St, Carlton"
anti-smoking-super-show-2026-09-30,Anti-Smoking Super Show,2026-09-30,6:00 PM,7:00 PM,Trades Hall (Fringe Hub),Comedy,,https://www.melbournefringe.com.au/whats-on/events/anti-smoking-super-show,Get tickets,"Cnr Victoria & Lygon St, Carlton"
bodymind-2026-09-30,Bodymind,2026-09-30,6:00 PM,6:50 PM,Trades Hall (Fringe Hub),Theatre & Cabaret,,https://www.melbournefringe.com.au/whats-on/events/bodymind,Get tickets,"Cnr Victoria & Lygon St, Carlton"
late-to-the-party-the-adhd-hour-2026-09-30,Late to the Party: The ADHD Hour,2026-09-30,6:00 PM,7:00 PM,Trades Hall (Fringe Hub),Theatre & Cabaret,,https://www.melbournefringe.com.au/whats-on/events/late-to-the-party-the-adhd-hour,Get tickets,"Cnr Victoria & Lygon St, Carlton"
lost-in-translation-2026-09-30,Lost in Translation,2026-09-30,6:00 PM,7:00 PM,Trades Hall (Fringe Hub),Comedy,,https://www.melbournefringe.com.au/whats-on/events/lost-in-translation,Get tickets,"Cnr Victoria & Lygon St, Carlton"
qfwfq-2026-09-30,QFWFQ,2026-09-30,6:00 PM,7:00 PM,Trades Hall (Fringe Hub),Theatre & Cabaret,,https://www.melbournefringe.com.au/whats-on/events/qfwfq,Get tickets,"Cnr Victoria & Lygon St, Carlton"
blak-out-an-indigenous-comedy-showcase-2026-09-30,Blak Out: An Indigenous Comedy Showcase,2026-09-30,6:15 PM,7:15 PM,Trades Hall (Fringe Hub),Comedy,,https://www.melbournefringe.com.au/whats-on/events/blak-out-an-indigenous-comedy-showcase,Get tickets,"Cnr Victoria & Lygon St, Carlton"
lets-unpack-that-2026-09-30,Let's Unpack That,2026-09-30,6:30 PM,7:30 PM,Trades Hall (Fringe Hub),Comedy,,https://www.melbournefringe.com.au/whats-on/events/lets-unpack-that,Get tickets,"Cnr Victoria & Lygon St, Carlton"
mona-spooky-life-post-mortem-2026-09-30,Mona & Spooky - Life Post-mortem,2026-09-30,7:00 PM,8:00 PM,Trades Hall (Fringe Hub),Theatre & Cabaret,,https://www.melbournefringe.com.au/whats-on/events/mona-spooky-life-post-mortem,Get tickets,"Cnr Victoria & Lygon St, Carlton"
only-bones-daniel-nodder-2026-09-30,Only Bones – Daniel Nodder,2026-09-30,7:15 PM,8:15 PM,Trades Hall (Fringe Hub),Theatre & Cabaret,,https://www.melbournefringe.com.au/whats-on/events/only-bones-daniel-nodder,Get tickets,"Cnr Victoria & Lygon St, Carlton"
dune-but-worse-2026-09-30,DUNE BUT WORSE,2026-09-30,7:30 PM,8:20 PM,Trades Hall (Fringe Hub),Comedy,,https://www.melbournefringe.com.au/whats-on/events/dune-but-worse#sessions-book-now,Get tickets,"Cnr Victoria & Lygon St, Carlton"
happy-birthday-taylah-whelan-2026-09-30,Happy Birthday Taylah Whelan,2026-09-30,7:30 PM,8:30 PM,Trades Hall (Fringe Hub),Comedy,,https://www.melbournefringe.com.au/whats-on/events/happy-birthday-taylah-whelan,Get tickets,"Cnr Victoria & Lygon St, Carlton"
noah-skapes-human-entertainment-2026-09-30,Noah Skape's Human Entertainment,2026-09-30,8:00 PM,8:45 PM,Trades Hall (Fringe Hub),Theatre & Cabaret,,https://www.melbournefringe.com.au/whats-on/events/noah-skapes-human-entertainment,Get tickets,"Cnr Victoria & Lygon St, Carlton"
mrs-lovetts-famous-meat-pies-grand-reope-2026-09-30,Mrs Lovett’s Famous Meat Pies Grand Reopening Extravaganza,2026-09-30,8:15 PM,9:15 PM,Trades Hall (Fringe Hub),Comedy,,https://www.melbournefringe.com.au/whats-on/events/mrs-lovett-s-famous-meat-pies-grand-reopening-extravaganza,Get tickets,"Cnr Victoria & Lygon St, Carlton"
my-grandpa-doesnt-follow-me-on-instagram-2026-09-30,My Grandpa Doesn't Follow Me On Instagram : A Guide To Trans-generational Road-Tripping,2026-09-30,8:15 PM,9:15 PM,Trades Hall (Fringe Hub),Theatre & Cabaret,,https://www.melbournefringe.com.au/whats-on/events/my-grandpa-doesnt-follow-me-on-instagram-a-guide-to-trans-generational-road-tripping,Get tickets,"Cnr Victoria & Lygon St, Carlton"
business-womens-luncheon-level-up-for-su-2026-09-30,Business Women's Luncheon: Level Up For Success!,2026-09-30,8:30 PM,9:30 PM,Trades Hall (Fringe Hub),Comedy,,https://www.melbournefringe.com.au/whats-on/events/business-womens-luncheon-level-up-for-success,Get tickets,"Cnr Victoria & Lygon St, Carlton"
the-resume-gap-2026-09-30,The Resume Gap,2026-09-30,8:30 PM,9:30 PM,Trades Hall (Fringe Hub),Theatre & Cabaret,,https://www.melbournefringe.com.au/whats-on/events/the-resume-gap?utm_source=fringe-website&utm_medium=tile-ad&utm_campaign=2026-resume-gap-tile-ad%09%09%09%09%09%09%09%09%09%09%09%09%09%09%09,Get tickets,"Cnr Victoria & Lygon St, Carlton"
samuel-roberts-f-a-a-g-2026-09-30,Samuel Roberts - F.A.A.G,2026-09-30,8:45 PM,9:45 PM,Trades Hall (Fringe Hub),Theatre & Cabaret,,https://www.melbournefringe.com.au/whats-on/events/samuel-roberts-faag,Get tickets,"Cnr Victoria & Lygon St, Carlton"
fuck-your-funding-2026-09-30,Fuck Your Funding,2026-09-30,9:00 PM,10:00 PM,Trades Hall (Fringe Hub),Theatre & Cabaret,,https://www.melbournefringe.com.au/whats-on/events/fuck-your-funding,Get tickets,"Cnr Victoria & Lygon St, Carlton"
show-show-2026-09-30,SHOW SHOW,2026-09-30,9:00 PM,10:00 PM,Trades Hall (Fringe Hub),Comedy,,https://www.melbournefringe.com.au/whats-on/events/show-show,Get tickets,"Cnr Victoria & Lygon St, Carlton"
objects-in-the-mirror-are-not-what-they-2026-09-30,objects in the mirror are (not) what they appear,2026-09-30,9:15 PM,10:15 PM,Trades Hall (Fringe Hub),Theatre & Cabaret,,https://www.melbournefringe.com.au/whats-on/events/objects-in-the-mirror-are-not-what-they-appear,Get tickets,"Cnr Victoria & Lygon St, Carlton"
ikea-wars-2026-09-30,IKEA WARS,2026-09-30,9:30 PM,10:30 PM,Trades Hall (Fringe Hub),Comedy,,https://www.melbournefringe.com.au/whats-on/events/ikea-wars,Get tickets,"Cnr Victoria & Lygon St, Carlton"
chookas-2026-09-30,Chookas,2026-09-30,9:45 PM,10:45 PM,Trades Hall (Fringe Hub),Theatre & Cabaret,,https://www.melbournefringe.com.au/whats-on/events/chookas,Get tickets,"Cnr Victoria & Lygon St, Carlton"
house-of-ick-2026-09-30,House of Ick,2026-09-30,9:45 PM,10:40 PM,Trades Hall (Fringe Hub),Comedy,,https://www.melbournefringe.com.au/whats-on/events/house-of-ick,Get tickets,"Cnr Victoria & Lygon St, Carlton"
gossip-2026-10-01,Gossip,2026-10-01,5:45 PM,6:45 PM,Trades Hall (Fringe Hub),Theatre & Cabaret,,https://www.melbournefringe.com.au/whats-on/events/gossip,Get tickets,"Cnr Victoria & Lygon St, Carlton"
anti-smoking-super-show-2026-10-01,Anti-Smoking Super Show,2026-10-01,6:00 PM,7:00 PM,Trades Hall (Fringe Hub),Comedy,,https://www.melbournefringe.com.au/whats-on/events/anti-smoking-super-show,Get tickets,"Cnr Victoria & Lygon St, Carlton"
bodymind-2026-10-01,Bodymind,2026-10-01,6:00 PM,6:50 PM,Trades Hall (Fringe Hub),Theatre & Cabaret,,https://www.melbournefringe.com.au/whats-on/events/bodymind,Get tickets,"Cnr Victoria & Lygon St, Carlton"
late-to-the-party-the-adhd-hour-2026-10-01,Late to the Party: The ADHD Hour,2026-10-01,6:00 PM,7:00 PM,Trades Hall (Fringe Hub),Theatre & Cabaret,,https://www.melbournefringe.com.au/whats-on/events/late-to-the-party-the-adhd-hour,Get tickets,"Cnr Victoria & Lygon St, Carlton"
lost-in-translation-2026-10-01,Lost in Translation,2026-10-01,6:00 PM,7:00 PM,Trades Hall (Fringe Hub),Comedy,,https://www.melbournefringe.com.au/whats-on/events/lost-in-translation,Get tickets,"Cnr Victoria & Lygon St, Carlton"
qfwfq-2026-10-01,QFWFQ,2026-10-01,6:00 PM,7:00 PM,Trades Hall (Fringe Hub),Theatre & Cabaret,,https://www.melbournefringe.com.au/whats-on/events/qfwfq,Get tickets,"Cnr Victoria & Lygon St, Carlton"
blak-out-an-indigenous-comedy-showcase-2026-10-01,Blak Out: An Indigenous Comedy Showcase,2026-10-01,6:15 PM,7:15 PM,Trades Hall (Fringe Hub),Comedy,,https://www.melbournefringe.com.au/whats-on/events/blak-out-an-indigenous-comedy-showcase,Get tickets,"Cnr Victoria & Lygon St, Carlton"
jude-perl-friends-2026-10-01,Jude Perl & Friends,2026-10-01,6:30 PM,7:30 PM,Trades Hall (Fringe Hub),Music,,https://www.melbournefringe.com.au/whats-on/events/jude-perl-friends,Get tickets,"Cnr Victoria & Lygon St, Carlton"
lets-unpack-that-2026-10-01,Let's Unpack That,2026-10-01,6:30 PM,7:30 PM,Trades Hall (Fringe Hub),Comedy,,https://www.melbournefringe.com.au/whats-on/events/lets-unpack-that,Get tickets,"Cnr Victoria & Lygon St, Carlton"
mona-spooky-life-post-mortem-2026-10-01,Mona & Spooky - Life Post-mortem,2026-10-01,7:00 PM,8:00 PM,Trades Hall (Fringe Hub),Theatre & Cabaret,,https://www.melbournefringe.com.au/whats-on/events/mona-spooky-life-post-mortem,Get tickets,"Cnr Victoria & Lygon St, Carlton"
my-grandpa-doesnt-follow-me-on-instagram-2026-10-01,My Grandpa Doesn't Follow Me On Instagram : A Guide To Trans-generational Road-Tripping,2026-10-01,7:15 PM,8:15 PM,Trades Hall (Fringe Hub),Theatre & Cabaret,,https://www.melbournefringe.com.au/whats-on/events/my-grandpa-doesnt-follow-me-on-instagram-a-guide-to-trans-generational-road-tripping,Get tickets,"Cnr Victoria & Lygon St, Carlton"
only-bones-daniel-nodder-2026-10-01,Only Bones – Daniel Nodder,2026-10-01,7:15 PM,8:15 PM,Trades Hall (Fringe Hub),Theatre & Cabaret,,https://www.melbournefringe.com.au/whats-on/events/only-bones-daniel-nodder,Get tickets,"Cnr Victoria & Lygon St, Carlton"
dune-but-worse-2026-10-01,DUNE BUT WORSE,2026-10-01,7:30 PM,8:20 PM,Trades Hall (Fringe Hub),Comedy,,https://www.melbournefringe.com.au/whats-on/events/dune-but-worse#sessions-book-now,Get tickets,"Cnr Victoria & Lygon St, Carlton"
happy-birthday-taylah-whelan-2026-10-01,Happy Birthday Taylah Whelan,2026-10-01,7:30 PM,8:30 PM,Trades Hall (Fringe Hub),Comedy,,https://www.melbournefringe.com.au/whats-on/events/happy-birthday-taylah-whelan,Get tickets,"Cnr Victoria & Lygon St, Carlton"
noah-skapes-human-entertainment-2026-10-01,Noah Skape's Human Entertainment,2026-10-01,8:00 PM,8:45 PM,Trades Hall (Fringe Hub),Theatre & Cabaret,,https://www.melbournefringe.com.au/whats-on/events/noah-skapes-human-entertainment,Get tickets,"Cnr Victoria & Lygon St, Carlton"
mrs-lovetts-famous-meat-pies-grand-reope-2026-10-01,Mrs Lovett’s Famous Meat Pies Grand Reopening Extravaganza,2026-10-01,8:15 PM,9:15 PM,Trades Hall (Fringe Hub),Comedy,,https://www.melbournefringe.com.au/whats-on/events/mrs-lovett-s-famous-meat-pies-grand-reopening-extravaganza,Get tickets,"Cnr Victoria & Lygon St, Carlton"
business-womens-luncheon-level-up-for-su-2026-10-01,Business Women's Luncheon: Level Up For Success!,2026-10-01,8:30 PM,9:30 PM,Trades Hall (Fringe Hub),Comedy,,https://www.melbournefringe.com.au/whats-on/events/business-womens-luncheon-level-up-for-success,Get tickets,"Cnr Victoria & Lygon St, Carlton"
kate-bush-hounds-of-love-40th-anniversar-2026-10-01,KATE BUSH 'HOUNDS OF LOVE' 40TH ANNIVERSARY CELEBRATION,2026-10-01,8:30 PM,,The Curtin,Music,,https://johncurtinhotel.oztix.com.au/outlet/event/003b5fe9-85db-431e-b6d7-d9073c525c22,Get tickets,"29 Lygon St, Carlton"
the-resume-gap-2026-10-01,The Resume Gap,2026-10-01,8:30 PM,9:30 PM,Trades Hall (Fringe Hub),Theatre & Cabaret,,https://www.melbournefringe.com.au/whats-on/events/the-resume-gap?utm_source=fringe-website&utm_medium=tile-ad&utm_campaign=2026-resume-gap-tile-ad%09%09%09%09%09%09%09%09%09%09%09%09%09%09%10,Get tickets,"Cnr Victoria & Lygon St, Carlton"
samuel-roberts-f-a-a-g-2026-10-01,Samuel Roberts - F.A.A.G,2026-10-01,8:45 PM,9:45 PM,Trades Hall (Fringe Hub),Theatre & Cabaret,,https://www.melbournefringe.com.au/whats-on/events/samuel-roberts-faag,Get tickets,"Cnr Victoria & Lygon St, Carlton"
fuck-your-funding-2026-10-01,Fuck Your Funding,2026-10-01,9:00 PM,10:00 PM,Trades Hall (Fringe Hub),Theatre & Cabaret,,https://www.melbournefringe.com.au/whats-on/events/fuck-your-funding,Get tickets,"Cnr Victoria & Lygon St, Carlton"
show-show-2026-10-01,SHOW SHOW,2026-10-01,9:00 PM,10:00 PM,Trades Hall (Fringe Hub),Comedy,,https://www.melbournefringe.com.au/whats-on/events/show-show,Get tickets,"Cnr Victoria & Lygon St, Carlton"
objects-in-the-mirror-are-not-what-they-2026-10-01,objects in the mirror are (not) what they appear,2026-10-01,9:15 PM,10:15 PM,Trades Hall (Fringe Hub),Theatre & Cabaret,,https://www.melbournefringe.com.au/whats-on/events/objects-in-the-mirror-are-not-what-they-appear,Get tickets,"Cnr Victoria & Lygon St, Carlton"
ikea-wars-2026-10-01,IKEA WARS,2026-10-01,9:30 PM,10:30 PM,Trades Hall (Fringe Hub),Comedy,,https://www.melbournefringe.com.au/whats-on/events/ikea-wars,Get tickets,"Cnr Victoria & Lygon St, Carlton"
chookas-2026-10-01,Chookas,2026-10-01,9:45 PM,10:45 PM,Trades Hall (Fringe Hub),Theatre & Cabaret,,https://www.melbournefringe.com.au/whats-on/events/chookas,Get tickets,"Cnr Victoria & Lygon St, Carlton"
house-of-ick-2026-10-01,House of Ick,2026-10-01,9:45 PM,10:40 PM,Trades Hall (Fringe Hub),Comedy,,https://www.melbournefringe.com.au/whats-on/events/house-of-ick,Get tickets,"Cnr Victoria & Lygon St, Carlton"
gossip-2026-10-02,Gossip,2026-10-02,5:45 PM,6:45 PM,Trades Hall (Fringe Hub),Theatre & Cabaret,,https://www.melbournefringe.com.au/whats-on/events/gossip,Get tickets,"Cnr Victoria & Lygon St, Carlton"
anti-smoking-super-show-2026-10-02,Anti-Smoking Super Show,2026-10-02,6:00 PM,7:00 PM,Trades Hall (Fringe Hub),Comedy,,https://www.melbournefringe.com.au/whats-on/events/anti-smoking-super-show,Get tickets,"Cnr Victoria & Lygon St, Carlton"
bodymind-2026-10-02,Bodymind,2026-10-02,6:00 PM,6:50 PM,Trades Hall (Fringe Hub),Theatre & Cabaret,,https://www.melbournefringe.com.au/whats-on/events/bodymind,Get tickets,"Cnr Victoria & Lygon St, Carlton"
late-to-the-party-the-adhd-hour-2026-10-02,Late to the Party: The ADHD Hour,2026-10-02,6:00 PM,7:00 PM,Trades Hall (Fringe Hub),Theatre & Cabaret,,https://www.melbournefringe.com.au/whats-on/events/late-to-the-party-the-adhd-hour,Get tickets,"Cnr Victoria & Lygon St, Carlton"
lost-in-translation-2026-10-02,Lost in Translation,2026-10-02,6:00 PM,7:00 PM,Trades Hall (Fringe Hub),Comedy,,https://www.melbournefringe.com.au/whats-on/events/lost-in-translation,Get tickets,"Cnr Victoria & Lygon St, Carlton"
qfwfq-2026-10-02,QFWFQ,2026-10-02,6:00 PM,7:00 PM,Trades Hall (Fringe Hub),Theatre & Cabaret,,https://www.melbournefringe.com.au/whats-on/events/qfwfq,Get tickets,"Cnr Victoria & Lygon St, Carlton"
blak-out-an-indigenous-comedy-showcase-2026-10-02,Blak Out: An Indigenous Comedy Showcase,2026-10-02,6:15 PM,7:15 PM,Trades Hall (Fringe Hub),Comedy,,https://www.melbournefringe.com.au/whats-on/events/blak-out-an-indigenous-comedy-showcase,Get tickets,"Cnr Victoria & Lygon St, Carlton"
jude-perl-friends-2026-10-02,Jude Perl & Friends,2026-10-02,6:30 PM,7:30 PM,Trades Hall (Fringe Hub),Music,,https://www.melbournefringe.com.au/whats-on/events/jude-perl-friends,Get tickets,"Cnr Victoria & Lygon St, Carlton"
lets-unpack-that-2026-10-02,Let's Unpack That,2026-10-02,6:30 PM,7:30 PM,Trades Hall (Fringe Hub),Comedy,,https://www.melbournefringe.com.au/whats-on/events/lets-unpack-that,Get tickets,"Cnr Victoria & Lygon St, Carlton"
mona-spooky-life-post-mortem-2026-10-02,Mona & Spooky - Life Post-mortem,2026-10-02,7:00 PM,8:00 PM,Trades Hall (Fringe Hub),Theatre & Cabaret,,https://www.melbournefringe.com.au/whats-on/events/mona-spooky-life-post-mortem,Get tickets,"Cnr Victoria & Lygon St, Carlton"
my-grandpa-doesnt-follow-me-on-instagram-2026-10-02,My Grandpa Doesn't Follow Me On Instagram : A Guide To Trans-generational Road-Tripping,2026-10-02,7:15 PM,8:15 PM,Trades Hall (Fringe Hub),Theatre & Cabaret,,https://www.melbournefringe.com.au/whats-on/events/my-grandpa-doesnt-follow-me-on-instagram-a-guide-to-trans-generational-road-tripping,Get tickets,"Cnr Victoria & Lygon St, Carlton"
only-bones-daniel-nodder-2026-10-02,Only Bones – Daniel Nodder,2026-10-02,7:15 PM,8:15 PM,Trades Hall (Fringe Hub),Theatre & Cabaret,,https://www.melbournefringe.com.au/whats-on/events/only-bones-daniel-nodder,Get tickets,"Cnr Victoria & Lygon St, Carlton"
dune-but-worse-2026-10-02,DUNE BUT WORSE,2026-10-02,7:30 PM,8:20 PM,Trades Hall (Fringe Hub),Comedy,,https://www.melbournefringe.com.au/whats-on/events/dune-but-worse#sessions-book-now,Get tickets,"Cnr Victoria & Lygon St, Carlton"
happy-birthday-taylah-whelan-2026-10-02,Happy Birthday Taylah Whelan,2026-10-02,7:30 PM,8:30 PM,Trades Hall (Fringe Hub),Comedy,,https://www.melbournefringe.com.au/whats-on/events/happy-birthday-taylah-whelan,Get tickets,"Cnr Victoria & Lygon St, Carlton"
black-market-clash-the-story-of-the-clas-2026-10-02,BLACK MARKET CLASH – THE STORY OF THE CLASH: A TWO HOUR CELEBRATION,2026-10-02,8:00 PM,10:00 PM,The Curtin,Music,,https://johncurtinhotel.oztix.com.au/outlet/event/49cc6fb9-fd34-46a7-a34c-6d8aa90d9611,Get tickets,"29 Lygon St, Carlton"
noah-skapes-human-entertainment-2026-10-02,Noah Skape's Human Entertainment,2026-10-02,8:00 PM,8:45 PM,Trades Hall (Fringe Hub),Theatre & Cabaret,,https://www.melbournefringe.com.au/whats-on/events/noah-skapes-human-entertainment,Get tickets,"Cnr Victoria & Lygon St, Carlton"
mrs-lovetts-famous-meat-pies-grand-reope-2026-10-02,Mrs Lovett’s Famous Meat Pies Grand Reopening Extravaganza,2026-10-02,8:15 PM,9:15 PM,Trades Hall (Fringe Hub),Comedy,,https://www.melbournefringe.com.au/whats-on/events/mrs-lovett-s-famous-meat-pies-grand-reopening-extravaganza,Get tickets,"Cnr Victoria & Lygon St, Carlton"
business-womens-luncheon-level-up-for-su-2026-10-02,Business Women's Luncheon: Level Up For Success!,2026-10-02,8:30 PM,9:30 PM,Trades Hall (Fringe Hub),Comedy,,https://www.melbournefringe.com.au/whats-on/events/business-womens-luncheon-level-up-for-success,Get tickets,"Cnr Victoria & Lygon St, Carlton"
the-resume-gap-2026-10-02,The Resume Gap,2026-10-02,8:30 PM,9:30 PM,Trades Hall (Fringe Hub),Theatre & Cabaret,,https://www.melbournefringe.com.au/whats-on/events/the-resume-gap?utm_source=fringe-website&utm_medium=tile-ad&utm_campaign=2026-resume-gap-tile-ad%09%09%09%09%09%09%09%09%09%09%09%09%09%09%10,Get tickets,"Cnr Victoria & Lygon St, Carlton"
samuel-roberts-f-a-a-g-2026-10-02,Samuel Roberts - F.A.A.G,2026-10-02,8:45 PM,9:45 PM,Trades Hall (Fringe Hub),Theatre & Cabaret,,https://www.melbournefringe.com.au/whats-on/events/samuel-roberts-faag,Get tickets,"Cnr Victoria & Lygon St, Carlton"
fuck-your-funding-2026-10-02,Fuck Your Funding,2026-10-02,9:00 PM,10:00 PM,Trades Hall (Fringe Hub),Theatre & Cabaret,,https://www.melbournefringe.com.au/whats-on/events/fuck-your-funding,Get tickets,"Cnr Victoria & Lygon St, Carlton"
show-show-2026-10-02,SHOW SHOW,2026-10-02,9:00 PM,10:00 PM,Trades Hall (Fringe Hub),Comedy,,https://www.melbournefringe.com.au/whats-on/events/show-show,Get tickets,"Cnr Victoria & Lygon St, Carlton"
objects-in-the-mirror-are-not-what-they-2026-10-02,objects in the mirror are (not) what they appear,2026-10-02,9:15 PM,10:15 PM,Trades Hall (Fringe Hub),Theatre & Cabaret,,https://www.melbournefringe.com.au/whats-on/events/objects-in-the-mirror-are-not-what-they-appear,Get tickets,"Cnr Victoria & Lygon St, Carlton"
ikea-wars-2026-10-02,IKEA WARS,2026-10-02,9:30 PM,10:30 PM,Trades Hall (Fringe Hub),Comedy,,https://www.melbournefringe.com.au/whats-on/events/ikea-wars,Get tickets,"Cnr Victoria & Lygon St, Carlton"
chookas-2026-10-02,Chookas,2026-10-02,9:45 PM,10:45 PM,Trades Hall (Fringe Hub),Theatre & Cabaret,,https://www.melbournefringe.com.au/whats-on/events/chookas,Get tickets,"Cnr Victoria & Lygon St, Carlton"
house-of-ick-2026-10-02,House of Ick,2026-10-02,9:45 PM,10:40 PM,Trades Hall (Fringe Hub),Comedy,,https://www.melbournefringe.com.au/whats-on/events/house-of-ick,Get tickets,"Cnr Victoria & Lygon St, Carlton"
club-fringe-danse-parti-2026-10-02,CLUB FRINGE: DANSE PARTi,2026-10-02,10:00 PM,,Trades Hall (Fringe Hub),Music,,https://www.melbournefringe.com.au/whats-on/events/club-fringe-danse-parti,Get tickets,"Cnr Victoria & Lygon St, Carlton"
city-north-futures-architectural-film-sc-2026-10-03,City North Futures: Architectural Film Screening,2026-10-03,11:00 AM,4:00 PM,"Shared Futures Festival, Cardigan St",Arts & Making,Imagined futures for City North in a short film by RMIT Master of Architecture students.,https://www.rmit.edu.au/events/2026/october/rmit-city-north-shared-futures-festival-2026,Festival info,"Cardigan St, Carlton"
city-of-melbourne-pop-up-2026-10-03,City of Melbourne Pop-Up,2026-10-03,11:00 AM,4:00 PM,"Shared Futures Festival, Cardigan St",Talks & Community,"Games, activities and a chat with Neighbourhood Partners about local grants and programs.",https://www.rmit.edu.au/events/2026/october/rmit-city-north-shared-futures-festival-2026,Festival info,"Cardigan St, Carlton"
community-leadership-for-regenerative-pl-2026-10-03,Community Leadership for Regenerative Placemaking: Urban Roleplay,2026-10-03,11:00 AM,4:00 PM,"Shared Futures Festival, Cardigan St",Games & Play,Follow or join 16 community leaders roleplaying Naarm/Melbourne in 2050 across festival sites.,https://www.rmit.edu.au/events/2026/october/rmit-city-north-shared-futures-festival-2026,Festival info,"Cardigan St, Carlton"
connect-the-dots-a-participatory-public-2026-10-03,Connect the Dots: A Participatory Public Artwork,2026-10-03,11:00 AM,4:00 PM,"Shared Futures Festival, Cardigan St",Arts & Making,Grab a viewfinder and follow the yellow dots across City North. Artwork by RMIT student Sophie Stavrakis.,https://www.rmit.edu.au/events/2026/october/rmit-city-north-shared-futures-festival-2026,Festival info,"Cardigan St, Carlton"
frugal-canteen-2026-10-03,Frugal Canteen,2026-10-03,11:00 AM,4:00 PM,"Shared Futures Festival, Cardigan St",Food & Drink,"Affordable community-made meals: cheese toasties, wings, future fries, Zimbabwean greens, Indonesian dishes and wild-fermented drinks.",https://www.rmit.edu.au/events/2026/october/rmit-city-north-shared-futures-festival-2026,Festival info,"Cardigan St, Carlton"
hapa-zome-flower-hammering-workshops-2026-10-03,Hapa Zome Flower Hammering Workshops,2026-10-03,11:00 AM,4:00 PM,"Shared Futures Festival, Cardigan St",Arts & Making,Pound fresh leaves and flowers onto fabric to print their natural pigments. With RMIT School of Fashion & Textiles.,https://www.rmit.edu.au/events/2026/october/rmit-city-north-shared-futures-festival-2026,Festival info,"Cardigan St, Carlton"
hired-by-the-trees-2026-10-03,Hired by the Trees,2026-10-03,11:00 AM,4:00 PM,"Shared Futures Festival, Cardigan St",Games & Play,"Find the van, take a task from the trees, report back and earn a voucher for a local store.",https://www.rmit.edu.au/events/2026/october/rmit-city-north-shared-futures-festival-2026,Festival info,"Cardigan St, Carlton"
hydrogen-mobility-experience-with-toyota-2026-10-03,Hydrogen Mobility Experience with Toyota,2026-10-03,11:00 AM,4:00 PM,"Shared Futures Festival, Cardigan St",Arts & Making,Step aboard the SORA hydrogen fuel cell bus and see the second-generation Mirai up close.,https://www.rmit.edu.au/events/2026/october/rmit-city-north-shared-futures-festival-2026,Festival info,"Cardigan St, Carlton"
live-performances-andrew88-small-fry-the-2026-10-03,"Live Performances: Andrew88, Small Fry & the Funkadelics",2026-10-03,11:00 AM,4:00 PM,"Shared Futures Festival, Cardigan St",Music,DJ sets from Andrew88 and Small Fry plus dance from the Funkadelics on the festival stage. Set times not published.,https://www.rmit.edu.au/events/2026/october/rmit-city-north-shared-futures-festival-2026,Festival info,"Cardigan St, Carlton"
make-play-design-an-open-air-living-room-2026-10-03,"Make, Play, Design: An Open-Air Living Room",2026-10-03,11:00 AM,4:00 PM,"Shared Futures Festival, Cardigan St",Games & Play,"Test Industrial Design prototypes, watch a 3D printer and join a 20-minute Mini Design Sprint.",https://www.rmit.edu.au/events/2026/october/rmit-city-north-shared-futures-festival-2026,Festival info,"Cardigan St, Carlton"
pavement-print-studio-2026-10-03,Pavement Print Studio,2026-10-03,11:00 AM,4:00 PM,"Shared Futures Festival, Cardigan St",Arts & Making,"Set type, ink the press and pull your own letterpress postcard using 3D-printed typefaces.",https://www.rmit.edu.au/events/2026/october/rmit-city-north-shared-futures-festival-2026,Festival info,"Cardigan St, Carlton"
play-about-place-2026-10-03,Play about Place,2026-10-03,11:00 AM,4:00 PM,"Shared Futures Festival, Cardigan St",Games & Play,"Place-based play installations by RMIT School of Design students, tested live with the public.",https://www.rmit.edu.au/events/2026/october/rmit-city-north-shared-futures-festival-2026,Festival info,"Cardigan St, Carlton"
reciprocity-and-regeneration-lessons-fro-2026-10-03,Reciprocity and Regeneration: Lessons from the Murnong,2026-10-03,11:00 AM,4:00 PM,"Shared Futures Festival, Cardigan St",Arts & Making,"Yarn with First Peoples about regenerative practice, swap surplus art materials and make artworks with First Peoples artists.",https://www.rmit.edu.au/events/2026/october/rmit-city-north-shared-futures-festival-2026,Festival info,"Cardigan St, Carlton"
rmit-student-clubs-2026-10-03,RMIT Student Clubs,2026-10-03,11:00 AM,4:00 PM,"Shared Futures Festival, Cardigan St",Games & Play,"Engineering challenges, Women in STEM trivia, tech puzzles and Philosophy Hot Takes.",https://www.rmit.edu.au/events/2026/october/rmit-city-north-shared-futures-festival-2026,Festival info,"Cardigan St, Carlton"
stories-of-community-culture-and-belongi-2026-10-03,"Stories of Community, Culture and Belonging",2026-10-03,11:00 AM,4:00 PM,"Shared Futures Festival, Cardigan St",Arts & Making,"Gather around a Somali aqal by artist Muhubo Sulieman and add your story through weaving, mapping and postcards.",https://www.rmit.edu.au/events/2026/october/rmit-city-north-shared-futures-festival-2026,Festival info,"Cardigan St, Carlton"
urban-garden-pop-up-2026-10-03,Urban Garden Pop-Up,2026-10-03,11:00 AM,4:00 PM,"Shared Futures Festival, Cardigan St",Arts & Making,"Vertical growing towers and an RMIT pilot exploring local, sustainable urban food growing.",https://www.rmit.edu.au/events/2026/october/rmit-city-north-shared-futures-festival-2026,Festival info,"Cardigan St, Carlton"
walking-together-a-cardigan-street-civic-2026-10-03,Walking Together: A Cardigan Street 'Civic Gym',2026-10-03,11:00 AM,4:00 PM,"Shared Futures Festival, Cardigan St",Games & Play,"Pick up a Civic Gym Pass and follow the trail along Cardigan Street to discover, contribute and imagine what comes next.",https://www.rmit.edu.au/events/2026/october/rmit-city-north-shared-futures-festival-2026,Festival info,"Cardigan St, Carlton"
2035-ev-battery-negotiations-2026-10-03,2035 EV Battery Negotiations,2026-10-03,11:30 AM,12:30 PM,"Shared Futures Festival, Cardigan St",Games & Play,"Live-action roleplay: negotiate Australia's 2035 EV battery waste crisis. Free, registration required. Room 094.01.006.",https://www.rmit.edu.au/events/2026/october/2035-ev-battery-negotiations,Register,"Building 94, 23/27 Cardigan St, Carlton"
magic-makeup-world-2026-10-03,Magic Makeup World,2026-10-03,12:00 PM,3:00 PM,"Shared Futures Festival, Cardigan St",Games & Play,Professional face painting for kids and adults.,https://www.rmit.edu.au/events/2026/october/rmit-city-north-shared-futures-festival-2026,Festival info,"Cardigan St, Carlton"
meet-greet-haku-the-robot-2026-10-03,Meet & Greet: Haku the Robot,2026-10-03,12:30 PM,3:30 PM,"Shared Futures Festival, Cardigan St",Games & Play,"Meet Haku, the humanoid Pepper robot who loves to chat and dance.",https://www.rmit.edu.au/events/2026/october/rmit-city-north-shared-futures-festival-2026,Festival info,"Cardigan St, Carlton"
indigenous-language-and-ecology-walking-2026-10-03,Indigenous Language and Ecology Walking Tour,2026-10-03,1:00 PM,2:00 PM,"Shared Futures Festival, Cardigan St",Talks & Community,Learn Boonwurrung language with Alison Soutar and urban greening with Gio Fitzpatrick. Free. Session 1 of 2.,https://www.rmit.edu.au/events/2026/october/rmit-city-north-shared-futures-festival-2026,Festival info,"Cardigan St, Carlton"
dons-daily-dosier-2026-10-03,Don's Daily Dosier,2026-10-03,2:00 PM,5:00 PM,Elder Gods and Dragons,Games & Play,,https://www.egad.com.au/event-details-registration/dons-daily-dosier,Register,"Unit 5/233 Cardigan St, Carlton"
bodymind-2026-10-03,Bodymind,2026-10-03,3:00 PM,3:50 PM,Trades Hall (Fringe Hub),Theatre & Cabaret,,https://www.melbournefringe.com.au/whats-on/events/bodymind,Get tickets,"Cnr Victoria & Lygon St, Carlton"
indigenous-language-and-ecology-walking-2026-10-03-2,Indigenous Language and Ecology Walking Tour,2026-10-03,3:00 PM,4:00 PM,"Shared Futures Festival, Cardigan St",Talks & Community,Learn Boonwurrung language with Alison Soutar and urban greening with Gio Fitzpatrick. Free. Session 2 of 2.,https://www.rmit.edu.au/events/2026/october/rmit-city-north-shared-futures-festival-2026,Festival info,"Cardigan St, Carlton"
the-resume-gap-2026-10-03,The Resume Gap,2026-10-03,3:30 PM,4:30 PM,Trades Hall (Fringe Hub),Theatre & Cabaret,,https://www.melbournefringe.com.au/whats-on/events/the-resume-gap?utm_source=fringe-website&utm_medium=tile-ad&utm_campaign=2026-resume-gap-tile-ad%09%09%09%09%09%09%09%09%09%09%09%09%09%09%10,Get tickets,"Cnr Victoria & Lygon St, Carlton"
performer-contracts-101-2026-10-03,Performer Contracts 101,2026-10-03,3:45 PM,4:45 PM,Trades Hall (Fringe Hub),Talks & Community,,https://www.melbournefringe.com.au/whats-on/events/performer-contracts-101,Get tickets,"Cnr Victoria & Lygon St, Carlton"
gossip-2026-10-03,Gossip,2026-10-03,5:45 PM,6:45 PM,Trades Hall (Fringe Hub),Theatre & Cabaret,,https://www.melbournefringe.com.au/whats-on/events/gossip,Get tickets,"Cnr Victoria & Lygon St, Carlton"
anti-smoking-super-show-2026-10-03,Anti-Smoking Super Show,2026-10-03,6:00 PM,7:00 PM,Trades Hall (Fringe Hub),Comedy,,https://www.melbournefringe.com.au/whats-on/events/anti-smoking-super-show,Get tickets,"Cnr Victoria & Lygon St, Carlton"
bodymind-2026-10-03-2,Bodymind,2026-10-03,6:00 PM,6:50 PM,Trades Hall (Fringe Hub),Theatre & Cabaret,,https://www.melbournefringe.com.au/whats-on/events/bodymind,Get tickets,"Cnr Victoria & Lygon St, Carlton"
late-to-the-party-the-adhd-hour-2026-10-03,Late to the Party: The ADHD Hour,2026-10-03,6:00 PM,7:00 PM,Trades Hall (Fringe Hub),Theatre & Cabaret,,https://www.melbournefringe.com.au/whats-on/events/late-to-the-party-the-adhd-hour,Get tickets,"Cnr Victoria & Lygon St, Carlton"
lost-in-translation-2026-10-03,Lost in Translation,2026-10-03,6:00 PM,7:00 PM,Trades Hall (Fringe Hub),Comedy,,https://www.melbournefringe.com.au/whats-on/events/lost-in-translation,Get tickets,"Cnr Victoria & Lygon St, Carlton"
qfwfq-2026-10-03,QFWFQ,2026-10-03,6:00 PM,7:00 PM,Trades Hall (Fringe Hub),Theatre & Cabaret,,https://www.melbournefringe.com.au/whats-on/events/qfwfq,Get tickets,"Cnr Victoria & Lygon St, Carlton"
blak-out-an-indigenous-comedy-showcase-2026-10-03,Blak Out: An Indigenous Comedy Showcase,2026-10-03,6:15 PM,7:15 PM,Trades Hall (Fringe Hub),Comedy,,https://www.melbournefringe.com.au/whats-on/events/blak-out-an-indigenous-comedy-showcase,Get tickets,"Cnr Victoria & Lygon St, Carlton"
jude-perl-friends-2026-10-03,Jude Perl & Friends,2026-10-03,6:30 PM,7:30 PM,Trades Hall (Fringe Hub),Music,,https://www.melbournefringe.com.au/whats-on/events/jude-perl-friends,Get tickets,"Cnr Victoria & Lygon St, Carlton"
lets-unpack-that-2026-10-03,Let's Unpack That,2026-10-03,6:30 PM,7:30 PM,Trades Hall (Fringe Hub),Comedy,,https://www.melbournefringe.com.au/whats-on/events/lets-unpack-that,Get tickets,"Cnr Victoria & Lygon St, Carlton"
mona-spooky-life-post-mortem-2026-10-03,Mona & Spooky - Life Post-mortem,2026-10-03,7:00 PM,8:00 PM,Trades Hall (Fringe Hub),Theatre & Cabaret,,https://www.melbournefringe.com.au/whats-on/events/mona-spooky-life-post-mortem,Get tickets,"Cnr Victoria & Lygon St, Carlton"
night-city-rockers-2026-10-03,Night City Rockers,2026-10-03,7:00 PM,10:00 PM,Elder Gods and Dragons,Games & Play,,https://www.egad.com.au/event-details-registration/night-city-rockers,Register,"Unit 5/233 Cardigan St, Carlton"
my-grandpa-doesnt-follow-me-on-instagram-2026-10-03,My Grandpa Doesn't Follow Me On Instagram : A Guide To Trans-generational Road-Tripping,2026-10-03,7:15 PM,8:15 PM,Trades Hall (Fringe Hub),Theatre & Cabaret,,https://www.melbournefringe.com.au/whats-on/events/my-grandpa-doesnt-follow-me-on-instagram-a-guide-to-trans-generational-road-tripping,Get tickets,"Cnr Victoria & Lygon St, Carlton"
only-bones-daniel-nodder-2026-10-03,Only Bones – Daniel Nodder,2026-10-03,7:15 PM,8:15 PM,Trades Hall (Fringe Hub),Theatre & Cabaret,,https://www.melbournefringe.com.au/whats-on/events/only-bones-daniel-nodder,Get tickets,"Cnr Victoria & Lygon St, Carlton"
dune-but-worse-2026-10-03,DUNE BUT WORSE,2026-10-03,7:30 PM,8:20 PM,Trades Hall (Fringe Hub),Comedy,,https://www.melbournefringe.com.au/whats-on/events/dune-but-worse#sessions-book-now,Get tickets,"Cnr Victoria & Lygon St, Carlton"
happy-birthday-taylah-whelan-2026-10-03,Happy Birthday Taylah Whelan,2026-10-03,7:30 PM,8:30 PM,Trades Hall (Fringe Hub),Comedy,,https://www.melbournefringe.com.au/whats-on/events/happy-birthday-taylah-whelan,Get tickets,"Cnr Victoria & Lygon St, Carlton"
noah-skapes-human-entertainment-2026-10-03,Noah Skape's Human Entertainment,2026-10-03,8:00 PM,8:45 PM,Trades Hall (Fringe Hub),Theatre & Cabaret,,https://www.melbournefringe.com.au/whats-on/events/noah-skapes-human-entertainment,Get tickets,"Cnr Victoria & Lygon St, Carlton"
mrs-lovetts-famous-meat-pies-grand-reope-2026-10-03,Mrs Lovett’s Famous Meat Pies Grand Reopening Extravaganza,2026-10-03,8:15 PM,9:15 PM,Trades Hall (Fringe Hub),Comedy,,https://www.melbournefringe.com.au/whats-on/events/mrs-lovett-s-famous-meat-pies-grand-reopening-extravaganza,Get tickets,"Cnr Victoria & Lygon St, Carlton"
business-womens-luncheon-level-up-for-su-2026-10-03,Business Women's Luncheon: Level Up For Success!,2026-10-03,8:30 PM,9:30 PM,Trades Hall (Fringe Hub),Comedy,,https://www.melbournefringe.com.au/whats-on/events/business-womens-luncheon-level-up-for-success,Get tickets,"Cnr Victoria & Lygon St, Carlton"
the-resume-gap-2026-10-03-2,The Resume Gap,2026-10-03,8:30 PM,9:30 PM,Trades Hall (Fringe Hub),Theatre & Cabaret,,https://www.melbournefringe.com.au/whats-on/events/the-resume-gap?utm_source=fringe-website&utm_medium=tile-ad&utm_campaign=2026-resume-gap-tile-ad%09%09%09%09%09%09%09%09%09%09%09%09%09%09%10,Get tickets,"Cnr Victoria & Lygon St, Carlton"
samuel-roberts-f-a-a-g-2026-10-03,Samuel Roberts - F.A.A.G,2026-10-03,8:45 PM,9:45 PM,Trades Hall (Fringe Hub),Theatre & Cabaret,,https://www.melbournefringe.com.au/whats-on/events/samuel-roberts-faag,Get tickets,"Cnr Victoria & Lygon St, Carlton"
fuck-your-funding-2026-10-03,Fuck Your Funding,2026-10-03,9:00 PM,10:00 PM,Trades Hall (Fringe Hub),Theatre & Cabaret,,https://www.melbournefringe.com.au/whats-on/events/fuck-your-funding,Get tickets,"Cnr Victoria & Lygon St, Carlton"
show-show-2026-10-03,SHOW SHOW,2026-10-03,9:00 PM,10:00 PM,Trades Hall (Fringe Hub),Comedy,,https://www.melbournefringe.com.au/whats-on/events/show-show,Get tickets,"Cnr Victoria & Lygon St, Carlton"
objects-in-the-mirror-are-not-what-they-2026-10-03,objects in the mirror are (not) what they appear,2026-10-03,9:15 PM,10:15 PM,Trades Hall (Fringe Hub),Theatre & Cabaret,,https://www.melbournefringe.com.au/whats-on/events/objects-in-the-mirror-are-not-what-they-appear,Get tickets,"Cnr Victoria & Lygon St, Carlton"
ikea-wars-2026-10-03,IKEA WARS,2026-10-03,9:30 PM,10:30 PM,Trades Hall (Fringe Hub),Comedy,,https://www.melbournefringe.com.au/whats-on/events/ikea-wars,Get tickets,"Cnr Victoria & Lygon St, Carlton"
chookas-2026-10-03,Chookas,2026-10-03,9:45 PM,10:45 PM,Trades Hall (Fringe Hub),Theatre & Cabaret,,https://www.melbournefringe.com.au/whats-on/events/chookas,Get tickets,"Cnr Victoria & Lygon St, Carlton"
house-of-ick-2026-10-03,House of Ick,2026-10-03,9:45 PM,10:40 PM,Trades Hall (Fringe Hub),Comedy,,https://www.melbournefringe.com.au/whats-on/events/house-of-ick,Get tickets,"Cnr Victoria & Lygon St, Carlton"
club-fringe-what-dreams-are-made-of-a-y2-2026-10-03,CLUB FRINGE: What Dreams Are Made Of - a Y2K Fantasy,2026-10-03,10:00 PM,,Trades Hall (Fringe Hub),Music,,https://www.melbournefringe.com.au/whats-on/events/club-fringe-what-dreams-are-made-of-a-y2k-fantasy,Get tickets,"Cnr Victoria & Lygon St, Carlton"
scryglass-studio-open-day-2026-10-04,Scryglass Studio Open Day,2026-10-04,10:00 AM,6:00 PM,Scryglass Studios,Games & Play,,https://www.egad.com.au/event-details-registration/scryglass-studio-open-day,More info,"Unit 5/233 Cardigan St, Carlton"
sunday-roast-2026-10-04,Sunday Roast,2026-10-04,12:00 PM,,The Lincoln,Food & Drink,,https://www.hotellincoln.com.au/whats-on,What's on,"91 Cardigan St, Carlton"
sunday-jazz-2026-10-04,Sunday Jazz,2026-10-04,1:00 PM,4:00 PM,The Clyde Hotel,Music,Every Sunday,https://www.theclydehotel.com.au/,What's on,"385 Cardigan St, Carlton"
bodymind-2026-10-04,Bodymind,2026-10-04,2:00 PM,2:50 PM,Trades Hall (Fringe Hub),Theatre & Cabaret,,https://www.melbournefringe.com.au/whats-on/events/bodymind,Get tickets,"Cnr Victoria & Lygon St, Carlton"
gossip-2026-10-04,Gossip,2026-10-04,4:45 PM,5:45 PM,Trades Hall (Fringe Hub),Theatre & Cabaret,,https://www.melbournefringe.com.au/whats-on/events/gossip,Get tickets,"Cnr Victoria & Lygon St, Carlton"
anti-smoking-super-show-2026-10-04,Anti-Smoking Super Show,2026-10-04,5:00 PM,6:00 PM,Trades Hall (Fringe Hub),Comedy,,https://www.melbournefringe.com.au/whats-on/events/anti-smoking-super-show,Get tickets,"Cnr Victoria & Lygon St, Carlton"
bodymind-2026-10-04-2,Bodymind,2026-10-04,5:00 PM,5:50 PM,Trades Hall (Fringe Hub),Theatre & Cabaret,,https://www.melbournefringe.com.au/whats-on/events/bodymind,Get tickets,"Cnr Victoria & Lygon St, Carlton"
late-to-the-party-the-adhd-hour-2026-10-04,Late to the Party: The ADHD Hour,2026-10-04,5:00 PM,6:00 PM,Trades Hall (Fringe Hub),Theatre & Cabaret,,https://www.melbournefringe.com.au/whats-on/events/late-to-the-party-the-adhd-hour,Get tickets,"Cnr Victoria & Lygon St, Carlton"
qfwfq-2026-10-04,QFWFQ,2026-10-04,5:00 PM,6:00 PM,Trades Hall (Fringe Hub),Theatre & Cabaret,,https://www.melbournefringe.com.au/whats-on/events/qfwfq,Get tickets,"Cnr Victoria & Lygon St, Carlton"
blak-out-an-indigenous-comedy-showcase-2026-10-04,Blak Out: An Indigenous Comedy Showcase,2026-10-04,5:15 PM,6:15 PM,Trades Hall (Fringe Hub),Comedy,,https://www.melbournefringe.com.au/whats-on/events/blak-out-an-indigenous-comedy-showcase,Get tickets,"Cnr Victoria & Lygon St, Carlton"
lets-unpack-that-2026-10-04,Let's Unpack That,2026-10-04,5:30 PM,6:30 PM,Trades Hall (Fringe Hub),Comedy,,https://www.melbournefringe.com.au/whats-on/events/lets-unpack-that,Get tickets,"Cnr Victoria & Lygon St, Carlton"
mona-spooky-life-post-mortem-2026-10-04,Mona & Spooky - Life Post-mortem,2026-10-04,6:00 PM,7:00 PM,Trades Hall (Fringe Hub),Theatre & Cabaret,,https://www.melbournefringe.com.au/whats-on/events/mona-spooky-life-post-mortem,Get tickets,"Cnr Victoria & Lygon St, Carlton"
my-grandpa-doesnt-follow-me-on-instagram-2026-10-04,My Grandpa Doesn't Follow Me On Instagram : A Guide To Trans-generational Road-Tripping,2026-10-04,6:15 PM,7:15 PM,Trades Hall (Fringe Hub),Theatre & Cabaret,,https://www.melbournefringe.com.au/whats-on/events/my-grandpa-doesnt-follow-me-on-instagram-a-guide-to-trans-generational-road-tripping,Get tickets,"Cnr Victoria & Lygon St, Carlton"
only-bones-daniel-nodder-2026-10-04,Only Bones – Daniel Nodder,2026-10-04,6:15 PM,7:15 PM,Trades Hall (Fringe Hub),Theatre & Cabaret,,https://www.melbournefringe.com.au/whats-on/events/only-bones-daniel-nodder,Get tickets,"Cnr Victoria & Lygon St, Carlton"
dune-but-worse-2026-10-04,DUNE BUT WORSE,2026-10-04,6:30 PM,7:20 PM,Trades Hall (Fringe Hub),Comedy,,https://www.melbournefringe.com.au/whats-on/events/dune-but-worse#sessions-book-now,Get tickets,"Cnr Victoria & Lygon St, Carlton"
happy-birthday-taylah-whelan-2026-10-04,Happy Birthday Taylah Whelan,2026-10-04,6:30 PM,7:30 PM,Trades Hall (Fringe Hub),Comedy,,https://www.melbournefringe.com.au/whats-on/events/happy-birthday-taylah-whelan,Get tickets,"Cnr Victoria & Lygon St, Carlton"
noah-skapes-human-entertainment-2026-10-04,Noah Skape's Human Entertainment,2026-10-04,7:00 PM,7:45 PM,Trades Hall (Fringe Hub),Theatre & Cabaret,,https://www.melbournefringe.com.au/whats-on/events/noah-skapes-human-entertainment,Get tickets,"Cnr Victoria & Lygon St, Carlton"
mrs-lovetts-famous-meat-pies-grand-reope-2026-10-04,Mrs Lovett’s Famous Meat Pies Grand Reopening Extravaganza,2026-10-04,7:15 PM,8:15 PM,Trades Hall (Fringe Hub),Comedy,,https://www.melbournefringe.com.au/whats-on/events/mrs-lovett-s-famous-meat-pies-grand-reopening-extravaganza,Get tickets,"Cnr Victoria & Lygon St, Carlton"
business-womens-luncheon-level-up-for-su-2026-10-04,Business Women's Luncheon: Level Up For Success!,2026-10-04,7:30 PM,8:30 PM,Trades Hall (Fringe Hub),Comedy,,https://www.melbournefringe.com.au/whats-on/events/business-womens-luncheon-level-up-for-success,Get tickets,"Cnr Victoria & Lygon St, Carlton"
the-resume-gap-2026-10-04,The Resume Gap,2026-10-04,7:30 PM,8:30 PM,Trades Hall (Fringe Hub),Theatre & Cabaret,,https://www.melbournefringe.com.au/whats-on/events/the-resume-gap?utm_source=fringe-website&utm_medium=tile-ad&utm_campaign=2026-resume-gap-tile-ad%09%09%09%09%09%09%09%09%09%09%09%09%09%09%10,Get tickets,"Cnr Victoria & Lygon St, Carlton"
samuel-roberts-f-a-a-g-2026-10-04,Samuel Roberts - F.A.A.G,2026-10-04,7:45 PM,8:45 PM,Trades Hall (Fringe Hub),Theatre & Cabaret,,https://www.melbournefringe.com.au/whats-on/events/samuel-roberts-faag,Get tickets,"Cnr Victoria & Lygon St, Carlton"
fuck-your-funding-2026-10-04,Fuck Your Funding,2026-10-04,8:00 PM,9:00 PM,Trades Hall (Fringe Hub),Theatre & Cabaret,,https://www.melbournefringe.com.au/whats-on/events/fuck-your-funding,Get tickets,"Cnr Victoria & Lygon St, Carlton"
show-show-2026-10-04,SHOW SHOW,2026-10-04,8:00 PM,9:00 PM,Trades Hall (Fringe Hub),Comedy,,https://www.melbournefringe.com.au/whats-on/events/show-show,Get tickets,"Cnr Victoria & Lygon St, Carlton"
objects-in-the-mirror-are-not-what-they-2026-10-04,objects in the mirror are (not) what they appear,2026-10-04,8:15 PM,9:15 PM,Trades Hall (Fringe Hub),Theatre & Cabaret,,https://www.melbournefringe.com.au/whats-on/events/objects-in-the-mirror-are-not-what-they-appear,Get tickets,"Cnr Victoria & Lygon St, Carlton"
ikea-wars-2026-10-04,IKEA WARS,2026-10-04,8:30 PM,9:30 PM,Trades Hall (Fringe Hub),Comedy,,https://www.melbournefringe.com.au/whats-on/events/ikea-wars,Get tickets,"Cnr Victoria & Lygon St, Carlton"
chookas-2026-10-04,Chookas,2026-10-04,8:45 PM,9:45 PM,Trades Hall (Fringe Hub),Theatre & Cabaret,,https://www.melbournefringe.com.au/whats-on/events/chookas,Get tickets,"Cnr Victoria & Lygon St, Carlton"
house-of-ick-2026-10-04,House of Ick,2026-10-04,8:45 PM,9:40 PM,Trades Hall (Fringe Hub),Comedy,,https://www.melbournefringe.com.au/whats-on/events/house-of-ick,Get tickets,"Cnr Victoria & Lygon St, Carlton"
anti-smoking-super-show-2026-10-07,Anti-Smoking Super Show,2026-10-07,6:00 PM,7:00 PM,Trades Hall (Fringe Hub),Comedy,,https://www.melbournefringe.com.au/whats-on/events/anti-smoking-super-show,Get tickets,"Cnr Victoria & Lygon St, Carlton"
campervan-an-ozploitation-horror-musical-2026-10-07,Campervan: An Ozploitation Horror Musical,2026-10-07,6:00 PM,7:00 PM,Trades Hall (Fringe Hub),Theatre & Cabaret,,https://www.melbournefringe.com.au/whats-on/events/campervan-an-ozploitation-horror-musical,Get tickets,"Cnr Victoria & Lygon St, Carlton"
freidah-will-see-you-now-2026-10-07,Freidah Will See You Now,2026-10-07,6:00 PM,7:00 PM,Trades Hall (Fringe Hub),Comedy,,https://www.melbournefringe.com.au/whats-on/events/freidah-will-see-you-now#sessions-book-now,Get tickets,"Cnr Victoria & Lygon St, Carlton"
lost-in-translation-2026-10-07,Lost in Translation,2026-10-07,6:00 PM,7:00 PM,Trades Hall (Fringe Hub),Comedy,,https://www.melbournefringe.com.au/whats-on/events/lost-in-translation,Get tickets,"Cnr Victoria & Lygon St, Carlton"
inner-city-glam-girl-2026-10-07,Inner City Glam Girl,2026-10-07,6:15 PM,7:00 PM,Trades Hall (Fringe Hub),Comedy,"Dark comedy character show performed on a pilates reformer. Venue and sessions not listed online, check the event page.",https://www.melbournefringe.com.au/whats-on/events/inner-city-glam-girl,Get tickets,"Cnr Victoria & Lygon St, Carlton"
goblin-errands-2026-10-07,Goblin Errands,2026-10-07,6:30 PM,9:30 PM,Elder Gods and Dragons,Games & Play,,https://www.egad.com.au/event-details-registration/goblin-errands,Register,"Unit 5/233 Cardigan St, Carlton"
lets-unpack-that-2026-10-07,Let's Unpack That,2026-10-07,6:30 PM,7:30 PM,Trades Hall (Fringe Hub),Comedy,,https://www.melbournefringe.com.au/whats-on/events/lets-unpack-that,Get tickets,"Cnr Victoria & Lygon St, Carlton"
smoko-2026-10-07,SMOKO,2026-10-07,7:00 PM,8:00 PM,Trades Hall (Fringe Hub),Theatre & Cabaret,,https://www.melbournefringe.com.au/whats-on/events/smoko,Get tickets,"Cnr Victoria & Lygon St, Carlton"
krilling-me-softly-2026-10-07,Krilling Me Softly,2026-10-07,7:15 PM,8:10 PM,Trades Hall (Fringe Hub),Comedy,,https://www.melbournefringe.com.au/whats-on/events/krilling-me-softly,Get tickets,"Cnr Victoria & Lygon St, Carlton"
only-bones-daniel-nodder-2026-10-07,Only Bones – Daniel Nodder,2026-10-07,7:15 PM,8:15 PM,Trades Hall (Fringe Hub),Theatre & Cabaret,,https://www.melbournefringe.com.au/whats-on/events/only-bones-daniel-nodder,Get tickets,"Cnr Victoria & Lygon St, Carlton"
bitch-boxer-2026-10-07,Bitch Boxer,2026-10-07,7:30 PM,8:30 PM,Trades Hall (Fringe Hub),Theatre & Cabaret,,https://www.melbournefringe.com.au/whats-on/events/bitch-boxer,Get tickets,"Cnr Victoria & Lygon St, Carlton"
dune-but-worse-2026-10-07,DUNE BUT WORSE,2026-10-07,7:30 PM,8:20 PM,Trades Hall (Fringe Hub),Comedy,,https://www.melbournefringe.com.au/whats-on/events/dune-but-worse#sessions-book-now,Get tickets,"Cnr Victoria & Lygon St, Carlton"
kissing-booth-2026-10-07,Kissing Booth,2026-10-07,7:30 PM,8:30 PM,Trades Hall (Fringe Hub),Comedy,,https://www.melbournefringe.com.au/whats-on/events/kissing-booth,Get tickets,"Cnr Victoria & Lygon St, Carlton"
inner-city-glam-girl-2026-10-07-2,Inner City Glam Girl,2026-10-07,7:45 PM,8:30 PM,Trades Hall (Fringe Hub),Comedy,"Dark comedy character show performed on a pilates reformer. Venue and sessions not listed online, check the event page.",https://www.melbournefringe.com.au/whats-on/events/inner-city-glam-girl,Get tickets,"Cnr Victoria & Lygon St, Carlton"
before-we-begin-2026-10-07,Before We Begin,2026-10-07,8:00 PM,9:00 PM,Trades Hall (Fringe Hub),Theatre & Cabaret,,https://www.melbournefringe.com.au/whats-on/events/before-we-begin,Get tickets,"Cnr Victoria & Lygon St, Carlton"
adore-h-ndels-birthday-party-2026-10-07,Adore Händel's Birthday Party,2026-10-07,8:30 PM,9:30 PM,Trades Hall (Fringe Hub),Theatre & Cabaret,,https://www.melbournefringe.com.au/whats-on/events/adore-haendels-birthday-party,Get tickets,"Cnr Victoria & Lygon St, Carlton"
kapitalism-is-your-friend-2026-10-07,KAPITALISM IS YOUR FRIEND!,2026-10-07,8:30 PM,9:30 PM,Trades Hall (Fringe Hub),Theatre & Cabaret,,https://www.melbournefringe.com.au/whats-on/events/kapitalism-is-your-friend,Get tickets,"Cnr Victoria & Lygon St, Carlton"
kate-bush-hounds-of-love-40th-anniversar-2026-10-07,KATE BUSH 'HOUNDS OF LOVE' 40TH ANNIVERSARY CELEBRATION,2026-10-07,8:30 PM,,The Curtin,Music,,https://johncurtinhotel.oztix.com.au/outlet/event/d364d6e4-7325-4783-8201-cc81f2e43b10,Get tickets,"29 Lygon St, Carlton"
improv-rpg-dungeons-dragons-2026-10-07,Improv RPG: Dungeons & Dragons,2026-10-07,9:00 PM,10:15 PM,Trades Hall (Fringe Hub),Comedy,,https://www.melbournefringe.com.au/whats-on/events/improv-rpg-dungeons-dragons,Get tickets,"Cnr Victoria & Lygon St, Carlton"
dean-dont-dance-2026-10-07,"Dean, Don't Dance!",2026-10-07,9:30 PM,10:30 PM,Trades Hall (Fringe Hub),Theatre & Cabaret,,https://www.melbournefringe.com.au/whats-on/events/dean-dont-dance,Get tickets,"Cnr Victoria & Lygon St, Carlton"
dial-m-for-mushrooms-2026-10-07,Dial M For Mushrooms,2026-10-07,9:30 PM,10:25 PM,Trades Hall (Fringe Hub),Comedy,,https://www.melbournefringe.com.au/whats-on/events/dial-m-for-mushrooms,Get tickets,"Cnr Victoria & Lygon St, Carlton"
house-of-ick-2026-10-07,House of Ick,2026-10-07,9:45 PM,10:40 PM,Trades Hall (Fringe Hub),Comedy,,https://www.melbournefringe.com.au/whats-on/events/house-of-ick,Get tickets,"Cnr Victoria & Lygon St, Carlton"
i-promise-this-isnt-about-you-even-if-it-2026-10-07,I Promise This Isn’t About You (Even If It Feels Like It Is),2026-10-07,9:45 PM,10:45 PM,Trades Hall (Fringe Hub),Comedy,,https://www.melbournefringe.com.au/whats-on/events/i-promise-this-isn-t-about-you-even-if-it-feels-like-it-is,Get tickets,"Cnr Victoria & Lygon St, Carlton"
anti-smoking-super-show-2026-10-08,Anti-Smoking Super Show,2026-10-08,6:00 PM,7:00 PM,Trades Hall (Fringe Hub),Comedy,,https://www.melbournefringe.com.au/whats-on/events/anti-smoking-super-show,Get tickets,"Cnr Victoria & Lygon St, Carlton"
campervan-an-ozploitation-horror-musical-2026-10-08,Campervan: An Ozploitation Horror Musical,2026-10-08,6:00 PM,7:00 PM,Trades Hall (Fringe Hub),Theatre & Cabaret,,https://www.melbournefringe.com.au/whats-on/events/campervan-an-ozploitation-horror-musical,Get tickets,"Cnr Victoria & Lygon St, Carlton"
freidah-will-see-you-now-2026-10-08,Freidah Will See You Now,2026-10-08,6:00 PM,7:00 PM,Trades Hall (Fringe Hub),Comedy,,https://www.melbournefringe.com.au/whats-on/events/freidah-will-see-you-now#sessions-book-now,Get tickets,"Cnr Victoria & Lygon St, Carlton"
lost-in-translation-2026-10-08,Lost in Translation,2026-10-08,6:00 PM,7:00 PM,Trades Hall (Fringe Hub),Comedy,,https://www.melbournefringe.com.au/whats-on/events/lost-in-translation,Get tickets,"Cnr Victoria & Lygon St, Carlton"
inner-city-glam-girl-2026-10-08,Inner City Glam Girl,2026-10-08,6:15 PM,7:00 PM,Trades Hall (Fringe Hub),Comedy,"Dark comedy character show performed on a pilates reformer. Venue and sessions not listed online, check the event page.",https://www.melbournefringe.com.au/whats-on/events/inner-city-glam-girl,Get tickets,"Cnr Victoria & Lygon St, Carlton"
lets-unpack-that-2026-10-08,Let's Unpack That,2026-10-08,6:30 PM,7:30 PM,Trades Hall (Fringe Hub),Comedy,,https://www.melbournefringe.com.au/whats-on/events/lets-unpack-that,Get tickets,"Cnr Victoria & Lygon St, Carlton"
sing-it-the-ultimate-singalong-2026-10-08,Sing It: The Ultimate Singalong,2026-10-08,7:00 PM,9:00 PM,Trades Hall (Fringe Hub),Music,,https://www.melbournefringe.com.au/whats-on/events/sing-it-the-ultimate-singalong,Get tickets,"Cnr Victoria & Lygon St, Carlton"
smoko-2026-10-08,SMOKO,2026-10-08,7:00 PM,8:00 PM,Trades Hall (Fringe Hub),Theatre & Cabaret,,https://www.melbournefringe.com.au/whats-on/events/smoko,Get tickets,"Cnr Victoria & Lygon St, Carlton"
krilling-me-softly-2026-10-08,Krilling Me Softly,2026-10-08,7:15 PM,8:10 PM,Trades Hall (Fringe Hub),Comedy,,https://www.melbournefringe.com.au/whats-on/events/krilling-me-softly,Get tickets,"Cnr Victoria & Lygon St, Carlton"
only-bones-daniel-nodder-2026-10-08,Only Bones – Daniel Nodder,2026-10-08,7:15 PM,8:15 PM,Trades Hall (Fringe Hub),Theatre & Cabaret,,https://www.melbournefringe.com.au/whats-on/events/only-bones-daniel-nodder,Get tickets,"Cnr Victoria & Lygon St, Carlton"
bitch-boxer-2026-10-08,Bitch Boxer,2026-10-08,7:30 PM,8:30 PM,Trades Hall (Fringe Hub),Theatre & Cabaret,,https://www.melbournefringe.com.au/whats-on/events/bitch-boxer,Get tickets,"Cnr Victoria & Lygon St, Carlton"
dune-but-worse-2026-10-08,DUNE BUT WORSE,2026-10-08,7:30 PM,8:20 PM,Trades Hall (Fringe Hub),Comedy,,https://www.melbournefringe.com.au/whats-on/events/dune-but-worse#sessions-book-now,Get tickets,"Cnr Victoria & Lygon St, Carlton"
kissing-booth-2026-10-08,Kissing Booth,2026-10-08,7:30 PM,8:30 PM,Trades Hall (Fringe Hub),Comedy,,https://www.melbournefringe.com.au/whats-on/events/kissing-booth,Get tickets,"Cnr Victoria & Lygon St, Carlton"
inner-city-glam-girl-2026-10-08-2,Inner City Glam Girl,2026-10-08,7:45 PM,8:30 PM,Trades Hall (Fringe Hub),Comedy,"Dark comedy character show performed on a pilates reformer. Venue and sessions not listed online, check the event page.",https://www.melbournefringe.com.au/whats-on/events/inner-city-glam-girl,Get tickets,"Cnr Victoria & Lygon St, Carlton"
before-we-begin-2026-10-08,Before We Begin,2026-10-08,8:00 PM,9:00 PM,Trades Hall (Fringe Hub),Theatre & Cabaret,,https://www.melbournefringe.com.au/whats-on/events/before-we-begin,Get tickets,"Cnr Victoria & Lygon St, Carlton"
adore-h-ndels-birthday-party-2026-10-08,Adore Händel's Birthday Party,2026-10-08,8:30 PM,9:30 PM,Trades Hall (Fringe Hub),Theatre & Cabaret,,https://www.melbournefringe.com.au/whats-on/events/adore-haendels-birthday-party,Get tickets,"Cnr Victoria & Lygon St, Carlton"
i-promise-this-isnt-about-you-even-if-it-2026-10-08,I Promise This Isn’t About You (Even If It Feels Like It Is),2026-10-08,8:30 PM,9:30 PM,Trades Hall (Fringe Hub),Comedy,,https://www.melbournefringe.com.au/whats-on/events/i-promise-this-isn-t-about-you-even-if-it-feels-like-it-is,Get tickets,"Cnr Victoria & Lygon St, Carlton"
kapitalism-is-your-friend-2026-10-08,KAPITALISM IS YOUR FRIEND!,2026-10-08,8:30 PM,9:30 PM,Trades Hall (Fringe Hub),Theatre & Cabaret,,https://www.melbournefringe.com.au/whats-on/events/kapitalism-is-your-friend,Get tickets,"Cnr Victoria & Lygon St, Carlton"
improv-rpg-dungeons-dragons-2026-10-08,Improv RPG: Dungeons & Dragons,2026-10-08,9:00 PM,10:15 PM,Trades Hall (Fringe Hub),Comedy,,https://www.melbournefringe.com.au/whats-on/events/improv-rpg-dungeons-dragons,Get tickets,"Cnr Victoria & Lygon St, Carlton"
doomscroller-2026-10-08,Doomscroller,2026-10-08,9:15 PM,10:15 PM,Trades Hall (Fringe Hub),Theatre & Cabaret,,https://www.melbournefringe.com.au/whats-on/events/doomscroller,Get tickets,"Cnr Victoria & Lygon St, Carlton"
clownthrob-2026-10-08,Clownthrob,2026-10-08,9:30 PM,10:25 PM,Trades Hall (Fringe Hub),Theatre & Cabaret,,https://www.melbournefringe.com.au/whats-on/events/clownthrob,Get tickets,"Cnr Victoria & Lygon St, Carlton"
dean-dont-dance-2026-10-08,"Dean, Don't Dance!",2026-10-08,9:30 PM,10:30 PM,Trades Hall (Fringe Hub),Theatre & Cabaret,,https://www.melbournefringe.com.au/whats-on/events/dean-dont-dance,Get tickets,"Cnr Victoria & Lygon St, Carlton"
dial-m-for-mushrooms-2026-10-08,Dial M For Mushrooms,2026-10-08,9:30 PM,10:25 PM,Trades Hall (Fringe Hub),Comedy,,https://www.melbournefringe.com.au/whats-on/events/dial-m-for-mushrooms,Get tickets,"Cnr Victoria & Lygon St, Carlton"
house-of-ick-2026-10-08,House of Ick,2026-10-08,9:45 PM,10:40 PM,Trades Hall (Fringe Hub),Comedy,,https://www.melbournefringe.com.au/whats-on/events/house-of-ick,Get tickets,"Cnr Victoria & Lygon St, Carlton"
anti-smoking-super-show-2026-10-09,Anti-Smoking Super Show,2026-10-09,6:00 PM,7:00 PM,Trades Hall (Fringe Hub),Comedy,,https://www.melbournefringe.com.au/whats-on/events/anti-smoking-super-show,Get tickets,"Cnr Victoria & Lygon St, Carlton"
campervan-an-ozploitation-horror-musical-2026-10-09,Campervan: An Ozploitation Horror Musical,2026-10-09,6:00 PM,7:00 PM,Trades Hall (Fringe Hub),Theatre & Cabaret,,https://www.melbournefringe.com.au/whats-on/events/campervan-an-ozploitation-horror-musical,Get tickets,"Cnr Victoria & Lygon St, Carlton"
freidah-will-see-you-now-2026-10-09,Freidah Will See You Now,2026-10-09,6:00 PM,7:00 PM,Trades Hall (Fringe Hub),Comedy,,https://www.melbournefringe.com.au/whats-on/events/freidah-will-see-you-now#sessions-book-now,Get tickets,"Cnr Victoria & Lygon St, Carlton"
lost-in-translation-2026-10-09,Lost in Translation,2026-10-09,6:00 PM,7:00 PM,Trades Hall (Fringe Hub),Comedy,,https://www.melbournefringe.com.au/whats-on/events/lost-in-translation,Get tickets,"Cnr Victoria & Lygon St, Carlton"
inner-city-glam-girl-2026-10-09,Inner City Glam Girl,2026-10-09,6:15 PM,7:00 PM,Trades Hall (Fringe Hub),Comedy,"Dark comedy character show performed on a pilates reformer. Venue and sessions not listed online, check the event page.",https://www.melbournefringe.com.au/whats-on/events/inner-city-glam-girl,Get tickets,"Cnr Victoria & Lygon St, Carlton"
lets-unpack-that-2026-10-09,Let's Unpack That,2026-10-09,6:30 PM,7:30 PM,Trades Hall (Fringe Hub),Comedy,,https://www.melbournefringe.com.au/whats-on/events/lets-unpack-that,Get tickets,"Cnr Victoria & Lygon St, Carlton"
smoko-2026-10-09,SMOKO,2026-10-09,7:00 PM,8:00 PM,Trades Hall (Fringe Hub),Theatre & Cabaret,,https://www.melbournefringe.com.au/whats-on/events/smoko,Get tickets,"Cnr Victoria & Lygon St, Carlton"
krilling-me-softly-2026-10-09,Krilling Me Softly,2026-10-09,7:15 PM,8:10 PM,Trades Hall (Fringe Hub),Comedy,,https://www.melbournefringe.com.au/whats-on/events/krilling-me-softly,Get tickets,"Cnr Victoria & Lygon St, Carlton"
only-bones-daniel-nodder-2026-10-09,Only Bones – Daniel Nodder,2026-10-09,7:15 PM,8:15 PM,Trades Hall (Fringe Hub),Theatre & Cabaret,,https://www.melbournefringe.com.au/whats-on/events/only-bones-daniel-nodder,Get tickets,"Cnr Victoria & Lygon St, Carlton"
bitch-boxer-2026-10-09,Bitch Boxer,2026-10-09,7:30 PM,8:30 PM,Trades Hall (Fringe Hub),Theatre & Cabaret,,https://www.melbournefringe.com.au/whats-on/events/bitch-boxer,Get tickets,"Cnr Victoria & Lygon St, Carlton"
dune-but-worse-2026-10-09,DUNE BUT WORSE,2026-10-09,7:30 PM,8:20 PM,Trades Hall (Fringe Hub),Comedy,,https://www.melbournefringe.com.au/whats-on/events/dune-but-worse#sessions-book-now,Get tickets,"Cnr Victoria & Lygon St, Carlton"
kissing-booth-2026-10-09,Kissing Booth,2026-10-09,7:30 PM,8:30 PM,Trades Hall (Fringe Hub),Comedy,,https://www.melbournefringe.com.au/whats-on/events/kissing-booth,Get tickets,"Cnr Victoria & Lygon St, Carlton"
inner-city-glam-girl-2026-10-09-2,Inner City Glam Girl,2026-10-09,7:45 PM,8:30 PM,Trades Hall (Fringe Hub),Comedy,"Dark comedy character show performed on a pilates reformer. Venue and sessions not listed online, check the event page.",https://www.melbournefringe.com.au/whats-on/events/inner-city-glam-girl,Get tickets,"Cnr Victoria & Lygon St, Carlton"
before-we-begin-2026-10-09,Before We Begin,2026-10-09,8:00 PM,9:00 PM,Trades Hall (Fringe Hub),Theatre & Cabaret,,https://www.melbournefringe.com.au/whats-on/events/before-we-begin,Get tickets,"Cnr Victoria & Lygon St, Carlton"
black-fat-and-f-gy-2026-10-09,"Black, Fat and F**gy",2026-10-09,8:00 PM,9:00 PM,Trades Hall (Fringe Hub),Theatre & Cabaret,,https://www.melbournefringe.com.au/whats-on/events/black-fat-and-fstarstargy,Get tickets,"Cnr Victoria & Lygon St, Carlton"
cloud-ice-9-boy-what-a-life-single-launc-2026-10-09,CLOUD ICE 9 'BOY WHAT A LIFE' SINGLE LAUNCH,2026-10-09,8:00 PM,,The Curtin,Music,,https://johncurtinhotel.oztix.com.au/outlet/event/87eb6467-3f35-4f10-a38d-a516a1f7c5ce,Get tickets,"29 Lygon St, Carlton"
adore-h-ndels-birthday-party-2026-10-09,Adore Händel's Birthday Party,2026-10-09,8:30 PM,9:30 PM,Trades Hall (Fringe Hub),Theatre & Cabaret,,https://www.melbournefringe.com.au/whats-on/events/adore-haendels-birthday-party,Get tickets,"Cnr Victoria & Lygon St, Carlton"
i-promise-this-isnt-about-you-even-if-it-2026-10-09,I Promise This Isn’t About You (Even If It Feels Like It Is),2026-10-09,8:30 PM,9:30 PM,Trades Hall (Fringe Hub),Comedy,,https://www.melbournefringe.com.au/whats-on/events/i-promise-this-isn-t-about-you-even-if-it-feels-like-it-is,Get tickets,"Cnr Victoria & Lygon St, Carlton"
kapitalism-is-your-friend-2026-10-09,KAPITALISM IS YOUR FRIEND!,2026-10-09,8:30 PM,9:30 PM,Trades Hall (Fringe Hub),Theatre & Cabaret,,https://www.melbournefringe.com.au/whats-on/events/kapitalism-is-your-friend,Get tickets,"Cnr Victoria & Lygon St, Carlton"
improv-rpg-dungeons-dragons-2026-10-09,Improv RPG: Dungeons & Dragons,2026-10-09,9:00 PM,10:15 PM,Trades Hall (Fringe Hub),Comedy,,https://www.melbournefringe.com.au/whats-on/events/improv-rpg-dungeons-dragons,Get tickets,"Cnr Victoria & Lygon St, Carlton"
doomscroller-2026-10-09,Doomscroller,2026-10-09,9:15 PM,10:15 PM,Trades Hall (Fringe Hub),Theatre & Cabaret,,https://www.melbournefringe.com.au/whats-on/events/doomscroller,Get tickets,"Cnr Victoria & Lygon St, Carlton"
clownthrob-2026-10-09,Clownthrob,2026-10-09,9:30 PM,10:25 PM,Trades Hall (Fringe Hub),Theatre & Cabaret,,https://www.melbournefringe.com.au/whats-on/events/clownthrob,Get tickets,"Cnr Victoria & Lygon St, Carlton"
dean-dont-dance-2026-10-09,"Dean, Don't Dance!",2026-10-09,9:30 PM,10:30 PM,Trades Hall (Fringe Hub),Theatre & Cabaret,,https://www.melbournefringe.com.au/whats-on/events/dean-dont-dance,Get tickets,"Cnr Victoria & Lygon St, Carlton"
dial-m-for-mushrooms-2026-10-09,Dial M For Mushrooms,2026-10-09,9:30 PM,10:25 PM,Trades Hall (Fringe Hub),Comedy,,https://www.melbournefringe.com.au/whats-on/events/dial-m-for-mushrooms,Get tickets,"Cnr Victoria & Lygon St, Carlton"
house-of-ick-2026-10-09,House of Ick,2026-10-09,9:45 PM,10:40 PM,Trades Hall (Fringe Hub),Comedy,,https://www.melbournefringe.com.au/whats-on/events/house-of-ick,Get tickets,"Cnr Victoria & Lygon St, Carlton"
club-fringe-club-blaq-2026-10-09,CLUB FRINGE: Club Blaq,2026-10-09,10:00 PM,,Trades Hall (Fringe Hub),Music,,https://www.melbournefringe.com.au/whats-on/events/club-fringe-club-blaq,Get tickets,"Cnr Victoria & Lygon St, Carlton"
bitch-boxer-2026-10-10,Bitch Boxer,2026-10-10,3:00 PM,4:00 PM,Trades Hall (Fringe Hub),Theatre & Cabaret,,https://www.melbournefringe.com.au/whats-on/events/bitch-boxer,Get tickets,"Cnr Victoria & Lygon St, Carlton"
performer-contracts-101-2026-10-10,Performer Contracts 101,2026-10-10,3:45 PM,4:45 PM,Trades Hall (Fringe Hub),Talks & Community,,https://www.melbournefringe.com.au/whats-on/events/performer-contracts-101,Get tickets,"Cnr Victoria & Lygon St, Carlton"
kapitalism-is-your-friend-2026-10-10,KAPITALISM IS YOUR FRIEND!,2026-10-10,4:15 PM,5:15 PM,Trades Hall (Fringe Hub),Theatre & Cabaret,,https://www.melbournefringe.com.au/whats-on/events/kapitalism-is-your-friend,Get tickets,"Cnr Victoria & Lygon St, Carlton"
doomscroller-2026-10-10,Doomscroller,2026-10-10,4:30 PM,5:30 PM,Trades Hall (Fringe Hub),Theatre & Cabaret,,https://www.melbournefringe.com.au/whats-on/events/doomscroller,Get tickets,"Cnr Victoria & Lygon St, Carlton"
anti-smoking-super-show-2026-10-10,Anti-Smoking Super Show,2026-10-10,6:00 PM,7:00 PM,Trades Hall (Fringe Hub),Comedy,,https://www.melbournefringe.com.au/whats-on/events/anti-smoking-super-show,Get tickets,"Cnr Victoria & Lygon St, Carlton"
campervan-an-ozploitation-horror-musical-2026-10-10,Campervan: An Ozploitation Horror Musical,2026-10-10,6:00 PM,7:00 PM,Trades Hall (Fringe Hub),Theatre & Cabaret,,https://www.melbournefringe.com.au/whats-on/events/campervan-an-ozploitation-horror-musical,Get tickets,"Cnr Victoria & Lygon St, Carlton"
freidah-will-see-you-now-2026-10-10,Freidah Will See You Now,2026-10-10,6:00 PM,7:00 PM,Trades Hall (Fringe Hub),Comedy,,https://www.melbournefringe.com.au/whats-on/events/freidah-will-see-you-now#sessions-book-now,Get tickets,"Cnr Victoria & Lygon St, Carlton"
lost-in-translation-2026-10-10,Lost in Translation,2026-10-10,6:00 PM,7:00 PM,Trades Hall (Fringe Hub),Comedy,,https://www.melbournefringe.com.au/whats-on/events/lost-in-translation,Get tickets,"Cnr Victoria & Lygon St, Carlton"
inner-city-glam-girl-2026-10-10,Inner City Glam Girl,2026-10-10,6:15 PM,7:00 PM,Trades Hall (Fringe Hub),Comedy,"Dark comedy character show performed on a pilates reformer. Venue and sessions not listed online, check the event page.",https://www.melbournefringe.com.au/whats-on/events/inner-city-glam-girl,Get tickets,"Cnr Victoria & Lygon St, Carlton"
lets-unpack-that-2026-10-10,Let's Unpack That,2026-10-10,6:30 PM,7:30 PM,Trades Hall (Fringe Hub),Comedy,,https://www.melbournefringe.com.au/whats-on/events/lets-unpack-that,Get tickets,"Cnr Victoria & Lygon St, Carlton"
smoko-2026-10-10,SMOKO,2026-10-10,7:00 PM,8:00 PM,Trades Hall (Fringe Hub),Theatre & Cabaret,,https://www.melbournefringe.com.au/whats-on/events/smoko,Get tickets,"Cnr Victoria & Lygon St, Carlton"
krilling-me-softly-2026-10-10,Krilling Me Softly,2026-10-10,7:15 PM,8:10 PM,Trades Hall (Fringe Hub),Comedy,,https://www.melbournefringe.com.au/whats-on/events/krilling-me-softly,Get tickets,"Cnr Victoria & Lygon St, Carlton"
only-bones-daniel-nodder-2026-10-10,Only Bones – Daniel Nodder,2026-10-10,7:15 PM,8:15 PM,Trades Hall (Fringe Hub),Theatre & Cabaret,,https://www.melbournefringe.com.au/whats-on/events/only-bones-daniel-nodder,Get tickets,"Cnr Victoria & Lygon St, Carlton"
bitch-boxer-2026-10-10-2,Bitch Boxer,2026-10-10,7:30 PM,8:30 PM,Trades Hall (Fringe Hub),Theatre & Cabaret,,https://www.melbournefringe.com.au/whats-on/events/bitch-boxer,Get tickets,"Cnr Victoria & Lygon St, Carlton"
dune-but-worse-2026-10-10,DUNE BUT WORSE,2026-10-10,7:30 PM,8:20 PM,Trades Hall (Fringe Hub),Comedy,,https://www.melbournefringe.com.au/whats-on/events/dune-but-worse#sessions-book-now,Get tickets,"Cnr Victoria & Lygon St, Carlton"
kissing-booth-2026-10-10,Kissing Booth,2026-10-10,7:30 PM,8:30 PM,Trades Hall (Fringe Hub),Comedy,,https://www.melbournefringe.com.au/whats-on/events/kissing-booth,Get tickets,"Cnr Victoria & Lygon St, Carlton"
inner-city-glam-girl-2026-10-10-2,Inner City Glam Girl,2026-10-10,7:45 PM,8:30 PM,Trades Hall (Fringe Hub),Comedy,"Dark comedy character show performed on a pilates reformer. Venue and sessions not listed online, check the event page.",https://www.melbournefringe.com.au/whats-on/events/inner-city-glam-girl,Get tickets,"Cnr Victoria & Lygon St, Carlton"
before-we-begin-2026-10-10,Before We Begin,2026-10-10,8:00 PM,9:00 PM,Trades Hall (Fringe Hub),Theatre & Cabaret,,https://www.melbournefringe.com.au/whats-on/events/before-we-begin,Get tickets,"Cnr Victoria & Lygon St, Carlton"
black-fat-and-f-gy-2026-10-10,"Black, Fat and F**gy",2026-10-10,8:00 PM,9:00 PM,Trades Hall (Fringe Hub),Theatre & Cabaret,,https://www.melbournefringe.com.au/whats-on/events/black-fat-and-fstarstargy,Get tickets,"Cnr Victoria & Lygon St, Carlton"
lost-animal-after-the-sun-cleared-the-ra-2026-10-10,LOST ANIMAL 'AFTER THE SUN CLEARED THE RAIN' SINGLE LAUNCH,2026-10-10,8:00 PM,,The Curtin,Music,,https://johncurtinhotel.oztix.com.au/outlet/event/35f2b8a1-6dc5-4d84-ae0e-fd02ea759fd1,Get tickets,"29 Lygon St, Carlton"
adore-h-ndels-birthday-party-2026-10-10,Adore Händel's Birthday Party,2026-10-10,8:30 PM,9:30 PM,Trades Hall (Fringe Hub),Theatre & Cabaret,,https://www.melbournefringe.com.au/whats-on/events/adore-haendels-birthday-party,Get tickets,"Cnr Victoria & Lygon St, Carlton"
i-promise-this-isnt-about-you-even-if-it-2026-10-10,I Promise This Isn’t About You (Even If It Feels Like It Is),2026-10-10,8:30 PM,9:30 PM,Trades Hall (Fringe Hub),Comedy,,https://www.melbournefringe.com.au/whats-on/events/i-promise-this-isn-t-about-you-even-if-it-feels-like-it-is,Get tickets,"Cnr Victoria & Lygon St, Carlton"
kapitalism-is-your-friend-2026-10-10-2,KAPITALISM IS YOUR FRIEND!,2026-10-10,8:30 PM,9:30 PM,Trades Hall (Fringe Hub),Theatre & Cabaret,,https://www.melbournefringe.com.au/whats-on/events/kapitalism-is-your-friend,Get tickets,"Cnr Victoria & Lygon St, Carlton"
improv-rpg-dungeons-dragons-2026-10-10,Improv RPG: Dungeons & Dragons,2026-10-10,9:00 PM,10:15 PM,Trades Hall (Fringe Hub),Comedy,,https://www.melbournefringe.com.au/whats-on/events/improv-rpg-dungeons-dragons,Get tickets,"Cnr Victoria & Lygon St, Carlton"
doomscroller-2026-10-10-2,Doomscroller,2026-10-10,9:15 PM,10:15 PM,Trades Hall (Fringe Hub),Theatre & Cabaret,,https://www.melbournefringe.com.au/whats-on/events/doomscroller,Get tickets,"Cnr Victoria & Lygon St, Carlton"
clownthrob-2026-10-10,Clownthrob,2026-10-10,9:30 PM,10:25 PM,Trades Hall (Fringe Hub),Theatre & Cabaret,,https://www.melbournefringe.com.au/whats-on/events/clownthrob,Get tickets,"Cnr Victoria & Lygon St, Carlton"
dean-dont-dance-2026-10-10,"Dean, Don't Dance!",2026-10-10,9:30 PM,10:30 PM,Trades Hall (Fringe Hub),Theatre & Cabaret,,https://www.melbournefringe.com.au/whats-on/events/dean-dont-dance,Get tickets,"Cnr Victoria & Lygon St, Carlton"
dial-m-for-mushrooms-2026-10-10,Dial M For Mushrooms,2026-10-10,9:30 PM,10:25 PM,Trades Hall (Fringe Hub),Comedy,,https://www.melbournefringe.com.au/whats-on/events/dial-m-for-mushrooms,Get tickets,"Cnr Victoria & Lygon St, Carlton"
house-of-ick-2026-10-10,House of Ick,2026-10-10,9:45 PM,10:40 PM,Trades Hall (Fringe Hub),Comedy,,https://www.melbournefringe.com.au/whats-on/events/house-of-ick,Get tickets,"Cnr Victoria & Lygon St, Carlton"
club-fringe-florian-wilds-midnight-rodeo-2026-10-10,CLUB FRINGE: Florian Wild's Midnight Rodeo: The Very Best of the Wild West,2026-10-10,10:00 PM,,Trades Hall (Fringe Hub),Music,,https://www.melbournefringe.com.au/whats-on/events/club-fringe-florian-wilds-midnight-rodeo-the-very-best-of-the-wild-west,Get tickets,"Cnr Victoria & Lygon St, Carlton"
sunday-roast-2026-10-11,Sunday Roast,2026-10-11,12:00 PM,,The Lincoln,Food & Drink,,https://www.hotellincoln.com.au/whats-on,What's on,"91 Cardigan St, Carlton"
sunday-jazz-2026-10-11,Sunday Jazz,2026-10-11,1:00 PM,4:00 PM,The Clyde Hotel,Music,Every Sunday,https://www.theclydehotel.com.au/,What's on,"385 Cardigan St, Carlton"
anti-smoking-super-show-2026-10-11,Anti-Smoking Super Show,2026-10-11,5:00 PM,6:00 PM,Trades Hall (Fringe Hub),Comedy,,https://www.melbournefringe.com.au/whats-on/events/anti-smoking-super-show,Get tickets,"Cnr Victoria & Lygon St, Carlton"
campervan-an-ozploitation-horror-musical-2026-10-11,Campervan: An Ozploitation Horror Musical,2026-10-11,5:00 PM,6:00 PM,Trades Hall (Fringe Hub),Theatre & Cabaret,,https://www.melbournefringe.com.au/whats-on/events/campervan-an-ozploitation-horror-musical,Get tickets,"Cnr Victoria & Lygon St, Carlton"
freidah-will-see-you-now-2026-10-11,Freidah Will See You Now,2026-10-11,5:00 PM,6:00 PM,Trades Hall (Fringe Hub),Comedy,,https://www.melbournefringe.com.au/whats-on/events/freidah-will-see-you-now#sessions-book-now,Get tickets,"Cnr Victoria & Lygon St, Carlton"
lost-in-translation-2026-10-11,Lost in Translation,2026-10-11,5:00 PM,6:00 PM,Trades Hall (Fringe Hub),Comedy,,https://www.melbournefringe.com.au/whats-on/events/lost-in-translation,Get tickets,"Cnr Victoria & Lygon St, Carlton"
inner-city-glam-girl-2026-10-11,Inner City Glam Girl,2026-10-11,5:15 PM,6:00 PM,Trades Hall (Fringe Hub),Comedy,"Dark comedy character show performed on a pilates reformer. Venue and sessions not listed online, check the event page.",https://www.melbournefringe.com.au/whats-on/events/inner-city-glam-girl,Get tickets,"Cnr Victoria & Lygon St, Carlton"
lets-unpack-that-2026-10-11,Let's Unpack That,2026-10-11,5:30 PM,6:30 PM,Trades Hall (Fringe Hub),Comedy,,https://www.melbournefringe.com.au/whats-on/events/lets-unpack-that,Get tickets,"Cnr Victoria & Lygon St, Carlton"
smoko-2026-10-11,SMOKO,2026-10-11,6:00 PM,7:00 PM,Trades Hall (Fringe Hub),Theatre & Cabaret,,https://www.melbournefringe.com.au/whats-on/events/smoko,Get tickets,"Cnr Victoria & Lygon St, Carlton"
krilling-me-softly-2026-10-11,Krilling Me Softly,2026-10-11,6:15 PM,7:10 PM,Trades Hall (Fringe Hub),Comedy,,https://www.melbournefringe.com.au/whats-on/events/krilling-me-softly,Get tickets,"Cnr Victoria & Lygon St, Carlton"
only-bones-daniel-nodder-2026-10-11,Only Bones – Daniel Nodder,2026-10-11,6:15 PM,7:15 PM,Trades Hall (Fringe Hub),Theatre & Cabaret,,https://www.melbournefringe.com.au/whats-on/events/only-bones-daniel-nodder,Get tickets,"Cnr Victoria & Lygon St, Carlton"
bitch-boxer-2026-10-11,Bitch Boxer,2026-10-11,6:30 PM,7:30 PM,Trades Hall (Fringe Hub),Theatre & Cabaret,,https://www.melbournefringe.com.au/whats-on/events/bitch-boxer,Get tickets,"Cnr Victoria & Lygon St, Carlton"
dune-but-worse-2026-10-11,DUNE BUT WORSE,2026-10-11,6:30 PM,7:20 PM,Trades Hall (Fringe Hub),Comedy,,https://www.melbournefringe.com.au/whats-on/events/dune-but-worse#sessions-book-now,Get tickets,"Cnr Victoria & Lygon St, Carlton"
kissing-booth-2026-10-11,Kissing Booth,2026-10-11,6:30 PM,7:30 PM,Trades Hall (Fringe Hub),Comedy,,https://www.melbournefringe.com.au/whats-on/events/kissing-booth,Get tickets,"Cnr Victoria & Lygon St, Carlton"
inner-city-glam-girl-2026-10-11-2,Inner City Glam Girl,2026-10-11,6:45 PM,7:30 PM,Trades Hall (Fringe Hub),Comedy,"Dark comedy character show performed on a pilates reformer. Venue and sessions not listed online, check the event page.",https://www.melbournefringe.com.au/whats-on/events/inner-city-glam-girl,Get tickets,"Cnr Victoria & Lygon St, Carlton"
before-we-begin-2026-10-11,Before We Begin,2026-10-11,7:00 PM,8:00 PM,Trades Hall (Fringe Hub),Theatre & Cabaret,,https://www.melbournefringe.com.au/whats-on/events/before-we-begin,Get tickets,"Cnr Victoria & Lygon St, Carlton"
adore-h-ndels-birthday-party-2026-10-11,Adore Händel's Birthday Party,2026-10-11,7:30 PM,9:30 PM,Trades Hall (Fringe Hub),Theatre & Cabaret,,https://www.melbournefringe.com.au/whats-on/events/adore-haendels-birthday-party,Get tickets,"Cnr Victoria & Lygon St, Carlton"
i-promise-this-isnt-about-you-even-if-it-2026-10-11,I Promise This Isn’t About You (Even If It Feels Like It Is),2026-10-11,7:30 PM,8:30 PM,Trades Hall (Fringe Hub),Comedy,,https://www.melbournefringe.com.au/whats-on/events/i-promise-this-isn-t-about-you-even-if-it-feels-like-it-is,Get tickets,"Cnr Victoria & Lygon St, Carlton"
kapitalism-is-your-friend-2026-10-11,KAPITALISM IS YOUR FRIEND!,2026-10-11,7:30 PM,8:30 PM,Trades Hall (Fringe Hub),Theatre & Cabaret,,https://www.melbournefringe.com.au/whats-on/events/kapitalism-is-your-friend,Get tickets,"Cnr Victoria & Lygon St, Carlton"
improv-rpg-dungeons-dragons-2026-10-11,Improv RPG: Dungeons & Dragons,2026-10-11,8:00 PM,9:15 PM,Trades Hall (Fringe Hub),Comedy,,https://www.melbournefringe.com.au/whats-on/events/improv-rpg-dungeons-dragons,Get tickets,"Cnr Victoria & Lygon St, Carlton"
doomscroller-2026-10-11,Doomscroller,2026-10-11,8:15 PM,9:15 PM,Trades Hall (Fringe Hub),Theatre & Cabaret,,https://www.melbournefringe.com.au/whats-on/events/doomscroller,Get tickets,"Cnr Victoria & Lygon St, Carlton"
clownthrob-2026-10-11,Clownthrob,2026-10-11,8:30 PM,9:25 PM,Trades Hall (Fringe Hub),Theatre & Cabaret,,https://www.melbournefringe.com.au/whats-on/events/clownthrob,Get tickets,"Cnr Victoria & Lygon St, Carlton"
dean-dont-dance-2026-10-11,"Dean, Don't Dance!",2026-10-11,8:30 PM,9:30 PM,Trades Hall (Fringe Hub),Theatre & Cabaret,,https://www.melbournefringe.com.au/whats-on/events/dean-dont-dance,Get tickets,"Cnr Victoria & Lygon St, Carlton"
dial-m-for-mushrooms-2026-10-11,Dial M For Mushrooms,2026-10-11,8:30 PM,9:25 PM,Trades Hall (Fringe Hub),Comedy,,https://www.melbournefringe.com.au/whats-on/events/dial-m-for-mushrooms,Get tickets,"Cnr Victoria & Lygon St, Carlton"
house-of-ick-2026-10-11,House of Ick,2026-10-11,8:45 PM,9:40 PM,Trades Hall (Fringe Hub),Comedy,,https://www.melbournefringe.com.au/whats-on/events/house-of-ick,Get tickets,"Cnr Victoria & Lygon St, Carlton"
freidah-will-see-you-now-2026-10-14,Freidah Will See You Now,2026-10-14,6:00 PM,7:00 PM,Trades Hall (Fringe Hub),Comedy,,https://www.melbournefringe.com.au/whats-on/events/freidah-will-see-you-now#sessions-book-now,Get tickets,"Cnr Victoria & Lygon St, Carlton"
le-bug-2026-10-14,Le Bug,2026-10-14,6:00 PM,7:00 PM,Trades Hall (Fringe Hub),Comedy,,https://www.melbournefringe.com.au/whats-on/events/le-bug,Get tickets,"Cnr Victoria & Lygon St, Carlton"
lost-in-translation-2026-10-14,Lost in Translation,2026-10-14,6:00 PM,7:00 PM,Trades Hall (Fringe Hub),Comedy,,https://www.melbournefringe.com.au/whats-on/events/lost-in-translation,Get tickets,"Cnr Victoria & Lygon St, Carlton"
play-2026-10-14,Play.,2026-10-14,6:00 PM,7:00 PM,Trades Hall (Fringe Hub),Theatre & Cabaret,,https://www.melbournefringe.com.au/whats-on/events/play,Get tickets,"Cnr Victoria & Lygon St, Carlton"
beray-uzunbay-as-the-muslim-jester-2026-10-14,Beray Uzunbay as the Muslim Jester,2026-10-14,6:15 PM,7:15 PM,Trades Hall (Fringe Hub),Comedy,,https://www.melbournefringe.com.au/whats-on/events/beray-uzunbay-as-the-muslim-jester,Get tickets,"Cnr Victoria & Lygon St, Carlton"
aunty-annettes-outblak-2026-10-14,Aunty Annette's OutBlak,2026-10-14,6:30 PM,7:30 PM,Trades Hall (Fringe Hub),Comedy,,https://www.melbournefringe.com.au/whats-on/events/aunty-annettes-outblak,Get tickets,"Cnr Victoria & Lygon St, Carlton"
patchwork-dreaming-2026-10-14,Patchwork Dreaming,2026-10-14,6:30 PM,7:30 PM,Trades Hall (Fringe Hub),Theatre & Cabaret,,https://www.melbournefringe.com.au/whats-on/events/patchwork-dreaming,Get tickets,"Cnr Victoria & Lygon St, Carlton"
smoko-2026-10-14,SMOKO,2026-10-14,7:00 PM,8:00 PM,Trades Hall (Fringe Hub),Theatre & Cabaret,,https://www.melbournefringe.com.au/whats-on/events/smoko,Get tickets,"Cnr Victoria & Lygon St, Carlton"
hannah-camilleri-dinner-hannah-show-2026-10-14,Hannah Camilleri: Dinner Hannah Show,2026-10-14,7:15 PM,8:15 PM,Trades Hall (Fringe Hub),Comedy,,https://www.melbournefringe.com.au/whats-on/events/hannah-camilleri-dinner-hannah-show,Get tickets,"Cnr Victoria & Lygon St, Carlton"
mel-mcglensey-is-mucking-around-2026-10-14,Mel McGlensey is Mucking Around,2026-10-14,7:15 PM,8:15 PM,Trades Hall (Fringe Hub),Comedy,,https://www.melbournefringe.com.au/whats-on/events/mel-mcglensey-is-mucking-around,Get tickets,"Cnr Victoria & Lygon St, Carlton"
bitch-boxer-2026-10-14,Bitch Boxer,2026-10-14,7:30 PM,8:30 PM,Trades Hall (Fringe Hub),Theatre & Cabaret,,https://www.melbournefringe.com.au/whats-on/events/bitch-boxer,Get tickets,"Cnr Victoria & Lygon St, Carlton"
death-club-a-brush-with-death-2026-10-14,Death Club: A Brush With Death,2026-10-14,7:30 PM,10:00 PM,Trades Hall (Fringe Hub),Theatre & Cabaret,,https://www.melbournefringe.com.au/whats-on/events/death-club-a-brush-with-death,Get tickets,"Cnr Victoria & Lygon St, Carlton"
jeromaia-detto-giuseppes-love-quest-2026-10-14,Jeromaia Detto: Giuseppe's Love Quest,2026-10-14,7:30 PM,8:30 PM,Trades Hall (Fringe Hub),Comedy,,https://www.melbournefringe.com.au/whats-on/events/jeromaia-detto-giuseppes-love-quest,Get tickets,"Cnr Victoria & Lygon St, Carlton"
not-soooo-fresh-2026-10-14,Not Soooo Fresh,2026-10-14,7:30 PM,8:30 PM,Trades Hall (Fringe Hub),Theatre & Cabaret,,https://www.melbournefringe.com.au/whats-on/events/not-soooo-fresh,Get tickets,"Cnr Victoria & Lygon St, Carlton"
guillotine-or-a-modest-proposal-2026-10-14,"GUILLOTINE! or, A Modest Proposal",2026-10-14,8:00 PM,9:00 PM,Trades Hall (Fringe Hub),Comedy,,https://www.melbournefringe.com.au/whats-on/events/guillotine-or-a-modest-proposal,Get tickets,"Cnr Victoria & Lygon St, Carlton"
sink-or-sing-a-sing-a-long-cabaret-2026-10-14,Sink or SING! A Sing-a-long Cabaret,2026-10-14,8:00 PM,9:00 PM,Trades Hall (Fringe Hub),Theatre & Cabaret,,https://www.melbournefringe.com.au/whats-on/events/sink-or-sing-a-sing-a-long-cabaret,Get tickets,"Cnr Victoria & Lygon St, Carlton"
adore-h-ndels-birthday-party-2026-10-14,Adore Händel's Birthday Party,2026-10-14,8:30 PM,9:30 PM,Trades Hall (Fringe Hub),Theatre & Cabaret,,https://www.melbournefringe.com.au/whats-on/events/adore-haendels-birthday-party,Get tickets,"Cnr Victoria & Lygon St, Carlton"
i-promise-this-isnt-about-you-even-if-it-2026-10-14,I Promise This Isn’t About You (Even If It Feels Like It Is),2026-10-14,8:30 PM,9:30 PM,Trades Hall (Fringe Hub),Comedy,,https://www.melbournefringe.com.au/whats-on/events/i-promise-this-isn-t-about-you-even-if-it-feels-like-it-is,Get tickets,"Cnr Victoria & Lygon St, Carlton"
kapitalism-is-your-friend-2026-10-14,KAPITALISM IS YOUR FRIEND!,2026-10-14,8:30 PM,9:30 PM,Trades Hall (Fringe Hub),Theatre & Cabaret,,https://www.melbournefringe.com.au/whats-on/events/kapitalism-is-your-friend,Get tickets,"Cnr Victoria & Lygon St, Carlton"
little-squirt-2026-10-14,Little Squirt,2026-10-14,9:00 PM,10:00 PM,Trades Hall (Fringe Hub),Theatre & Cabaret,,https://www.melbournefringe.com.au/whats-on/events/little-squirt,Get tickets,"Cnr Victoria & Lygon St, Carlton"
new-balance-2026-10-14,New Balance,2026-10-14,9:00 PM,10:00 PM,Trades Hall (Fringe Hub),Theatre & Cabaret,,https://www.melbournefringe.com.au/whats-on/events/new-balance,Get tickets,"Cnr Victoria & Lygon St, Carlton"
milf-and-cookies-2026-10-14,MILF and Cookies,2026-10-14,9:45 PM,10:45 PM,Trades Hall (Fringe Hub),Comedy,,https://www.melbournefringe.com.au/whats-on/events/milf-and-cookies,Get tickets,"Cnr Victoria & Lygon St, Carlton"
rodney-rattus-after-dark-cabaret-2026-10-14,Rodney Rattus' After Dark Cabaret,2026-10-14,9:45 PM,10:45 PM,Trades Hall (Fringe Hub),Theatre & Cabaret,,https://www.melbournefringe.com.au/whats-on/events/rodney-rattus-after-dark-cabaret,Get tickets,"Cnr Victoria & Lygon St, Carlton"
crush-the-bug-2026-10-14,Crush The Bug,2026-10-14,10:00 PM,11:00 PM,Trades Hall (Fringe Hub),Theatre & Cabaret,,https://www.melbournefringe.com.au/whats-on/events/crush-the-bug,Get tickets,"Cnr Victoria & Lygon St, Carlton"
freidah-will-see-you-now-2026-10-15,Freidah Will See You Now,2026-10-15,6:00 PM,7:00 PM,Trades Hall (Fringe Hub),Comedy,,https://www.melbournefringe.com.au/whats-on/events/freidah-will-see-you-now#sessions-book-now,Get tickets,"Cnr Victoria & Lygon St, Carlton"
le-bug-2026-10-15,Le Bug,2026-10-15,6:00 PM,7:00 PM,Trades Hall (Fringe Hub),Comedy,,https://www.melbournefringe.com.au/whats-on/events/le-bug,Get tickets,"Cnr Victoria & Lygon St, Carlton"
lost-in-translation-2026-10-15,Lost in Translation,2026-10-15,6:00 PM,7:00 PM,Trades Hall (Fringe Hub),Comedy,,https://www.melbournefringe.com.au/whats-on/events/lost-in-translation,Get tickets,"Cnr Victoria & Lygon St, Carlton"
play-2026-10-15,Play.,2026-10-15,6:00 PM,7:00 PM,Trades Hall (Fringe Hub),Theatre & Cabaret,,https://www.melbournefringe.com.au/whats-on/events/play,Get tickets,"Cnr Victoria & Lygon St, Carlton"
beray-uzunbay-as-the-muslim-jester-2026-10-15,Beray Uzunbay as the Muslim Jester,2026-10-15,6:15 PM,7:15 PM,Trades Hall (Fringe Hub),Comedy,,https://www.melbournefringe.com.au/whats-on/events/beray-uzunbay-as-the-muslim-jester,Get tickets,"Cnr Victoria & Lygon St, Carlton"
patchwork-dreaming-2026-10-15,Patchwork Dreaming,2026-10-15,6:30 PM,7:30 PM,Trades Hall (Fringe Hub),Theatre & Cabaret,,https://www.melbournefringe.com.au/whats-on/events/patchwork-dreaming,Get tickets,"Cnr Victoria & Lygon St, Carlton"
smoko-2026-10-15,SMOKO,2026-10-15,7:00 PM,8:00 PM,Trades Hall (Fringe Hub),Theatre & Cabaret,,https://www.melbournefringe.com.au/whats-on/events/smoko,Get tickets,"Cnr Victoria & Lygon St, Carlton"
hannah-camilleri-dinner-hannah-show-2026-10-15,Hannah Camilleri: Dinner Hannah Show,2026-10-15,7:15 PM,8:15 PM,Trades Hall (Fringe Hub),Comedy,,https://www.melbournefringe.com.au/whats-on/events/hannah-camilleri-dinner-hannah-show,Get tickets,"Cnr Victoria & Lygon St, Carlton"
mel-mcglensey-is-mucking-around-2026-10-15,Mel McGlensey is Mucking Around,2026-10-15,7:15 PM,8:15 PM,Trades Hall (Fringe Hub),Comedy,,https://www.melbournefringe.com.au/whats-on/events/mel-mcglensey-is-mucking-around,Get tickets,"Cnr Victoria & Lygon St, Carlton"
bitch-boxer-2026-10-15,Bitch Boxer,2026-10-15,7:30 PM,8:30 PM,Trades Hall (Fringe Hub),Theatre & Cabaret,,https://www.melbournefringe.com.au/whats-on/events/bitch-boxer,Get tickets,"Cnr Victoria & Lygon St, Carlton"
death-club-a-brush-with-death-2026-10-15,Death Club: A Brush With Death,2026-10-15,7:30 PM,10:00 PM,Trades Hall (Fringe Hub),Theatre & Cabaret,,https://www.melbournefringe.com.au/whats-on/events/death-club-a-brush-with-death,Get tickets,"Cnr Victoria & Lygon St, Carlton"
jeromaia-detto-giuseppes-love-quest-2026-10-15,Jeromaia Detto: Giuseppe's Love Quest,2026-10-15,7:30 PM,8:30 PM,Trades Hall (Fringe Hub),Comedy,,https://www.melbournefringe.com.au/whats-on/events/jeromaia-detto-giuseppes-love-quest,Get tickets,"Cnr Victoria & Lygon St, Carlton"
not-soooo-fresh-2026-10-15,Not Soooo Fresh,2026-10-15,7:30 PM,8:30 PM,Trades Hall (Fringe Hub),Theatre & Cabaret,,https://www.melbournefringe.com.au/whats-on/events/not-soooo-fresh,Get tickets,"Cnr Victoria & Lygon St, Carlton"
guillotine-or-a-modest-proposal-2026-10-15,"GUILLOTINE! or, A Modest Proposal",2026-10-15,8:00 PM,9:00 PM,Trades Hall (Fringe Hub),Comedy,,https://www.melbournefringe.com.au/whats-on/events/guillotine-or-a-modest-proposal,Get tickets,"Cnr Victoria & Lygon St, Carlton"
sink-or-sing-a-sing-a-long-cabaret-2026-10-15,Sink or SING! A Sing-a-long Cabaret,2026-10-15,8:00 PM,9:00 PM,Trades Hall (Fringe Hub),Theatre & Cabaret,,https://www.melbournefringe.com.au/whats-on/events/sink-or-sing-a-sing-a-long-cabaret,Get tickets,"Cnr Victoria & Lygon St, Carlton"
adore-h-ndels-birthday-party-2026-10-15,Adore Händel's Birthday Party,2026-10-15,8:30 PM,9:30 PM,Trades Hall (Fringe Hub),Theatre & Cabaret,,https://www.melbournefringe.com.au/whats-on/events/adore-haendels-birthday-party,Get tickets,"Cnr Victoria & Lygon St, Carlton"
i-promise-this-isnt-about-you-even-if-it-2026-10-15,I Promise This Isn’t About You (Even If It Feels Like It Is),2026-10-15,8:30 PM,9:30 PM,Trades Hall (Fringe Hub),Comedy,,https://www.melbournefringe.com.au/whats-on/events/i-promise-this-isn-t-about-you-even-if-it-feels-like-it-is,Get tickets,"Cnr Victoria & Lygon St, Carlton"
kapitalism-is-your-friend-2026-10-15,KAPITALISM IS YOUR FRIEND!,2026-10-15,8:30 PM,9:30 PM,Trades Hall (Fringe Hub),Theatre & Cabaret,,https://www.melbournefringe.com.au/whats-on/events/kapitalism-is-your-friend,Get tickets,"Cnr Victoria & Lygon St, Carlton"
man-sings-the-same-song-over-and-over-ag-2026-10-15,Man Sings the Same Song Over and Over Again for an Hour,2026-10-15,9:00 PM,10:00 PM,Trades Hall (Fringe Hub),Comedy,,https://www.melbournefringe.com.au/whats-on/events/man-sings-the-same-song-over-and-over-again-for-an-hour,Get tickets,"Cnr Victoria & Lygon St, Carlton"
new-balance-2026-10-15,New Balance,2026-10-15,9:00 PM,10:00 PM,Trades Hall (Fringe Hub),Theatre & Cabaret,,https://www.melbournefringe.com.au/whats-on/events/new-balance,Get tickets,"Cnr Victoria & Lygon St, Carlton"
milf-and-cookies-2026-10-15,MILF and Cookies,2026-10-15,9:45 PM,10:45 PM,Trades Hall (Fringe Hub),Comedy,,https://www.melbournefringe.com.au/whats-on/events/milf-and-cookies,Get tickets,"Cnr Victoria & Lygon St, Carlton"
rodney-rattus-after-dark-cabaret-2026-10-15,Rodney Rattus' After Dark Cabaret,2026-10-15,9:45 PM,10:45 PM,Trades Hall (Fringe Hub),Theatre & Cabaret,,https://www.melbournefringe.com.au/whats-on/events/rodney-rattus-after-dark-cabaret,Get tickets,"Cnr Victoria & Lygon St, Carlton"
crush-the-bug-2026-10-15,Crush The Bug,2026-10-15,10:00 PM,11:00 PM,Trades Hall (Fringe Hub),Theatre & Cabaret,,https://www.melbournefringe.com.au/whats-on/events/crush-the-bug,Get tickets,"Cnr Victoria & Lygon St, Carlton"
freidah-will-see-you-now-2026-10-16,Freidah Will See You Now,2026-10-16,6:00 PM,7:00 PM,Trades Hall (Fringe Hub),Comedy,,https://www.melbournefringe.com.au/whats-on/events/freidah-will-see-you-now#sessions-book-now,Get tickets,"Cnr Victoria & Lygon St, Carlton"
le-bug-2026-10-16,Le Bug,2026-10-16,6:00 PM,7:00 PM,Trades Hall (Fringe Hub),Comedy,,https://www.melbournefringe.com.au/whats-on/events/le-bug,Get tickets,"Cnr Victoria & Lygon St, Carlton"
lost-in-translation-2026-10-16,Lost in Translation,2026-10-16,6:00 PM,7:00 PM,Trades Hall (Fringe Hub),Comedy,,https://www.melbournefringe.com.au/whats-on/events/lost-in-translation,Get tickets,"Cnr Victoria & Lygon St, Carlton"
play-2026-10-16,Play.,2026-10-16,6:00 PM,7:00 PM,Trades Hall (Fringe Hub),Theatre & Cabaret,,https://www.melbournefringe.com.au/whats-on/events/play,Get tickets,"Cnr Victoria & Lygon St, Carlton"
beray-uzunbay-as-the-muslim-jester-2026-10-16,Beray Uzunbay as the Muslim Jester,2026-10-16,6:15 PM,7:15 PM,Trades Hall (Fringe Hub),Comedy,,https://www.melbournefringe.com.au/whats-on/events/beray-uzunbay-as-the-muslim-jester,Get tickets,"Cnr Victoria & Lygon St, Carlton"
patchwork-dreaming-2026-10-16,Patchwork Dreaming,2026-10-16,6:30 PM,7:30 PM,Trades Hall (Fringe Hub),Theatre & Cabaret,,https://www.melbournefringe.com.au/whats-on/events/patchwork-dreaming,Get tickets,"Cnr Victoria & Lygon St, Carlton"
smoko-2026-10-16,SMOKO,2026-10-16,7:00 PM,8:00 PM,Trades Hall (Fringe Hub),Theatre & Cabaret,,https://www.melbournefringe.com.au/whats-on/events/smoko,Get tickets,"Cnr Victoria & Lygon St, Carlton"
hannah-camilleri-dinner-hannah-show-2026-10-16,Hannah Camilleri: Dinner Hannah Show,2026-10-16,7:15 PM,8:15 PM,Trades Hall (Fringe Hub),Comedy,,https://www.melbournefringe.com.au/whats-on/events/hannah-camilleri-dinner-hannah-show,Get tickets,"Cnr Victoria & Lygon St, Carlton"
mel-mcglensey-is-mucking-around-2026-10-16,Mel McGlensey is Mucking Around,2026-10-16,7:15 PM,8:15 PM,Trades Hall (Fringe Hub),Comedy,,https://www.melbournefringe.com.au/whats-on/events/mel-mcglensey-is-mucking-around,Get tickets,"Cnr Victoria & Lygon St, Carlton"
bitch-boxer-2026-10-16,Bitch Boxer,2026-10-16,7:30 PM,8:30 PM,Trades Hall (Fringe Hub),Theatre & Cabaret,,https://www.melbournefringe.com.au/whats-on/events/bitch-boxer,Get tickets,"Cnr Victoria & Lygon St, Carlton"
death-club-a-brush-with-death-2026-10-16,Death Club: A Brush With Death,2026-10-16,7:30 PM,10:00 PM,Trades Hall (Fringe Hub),Theatre & Cabaret,,https://www.melbournefringe.com.au/whats-on/events/death-club-a-brush-with-death,Get tickets,"Cnr Victoria & Lygon St, Carlton"
jeromaia-detto-giuseppes-love-quest-2026-10-16,Jeromaia Detto: Giuseppe's Love Quest,2026-10-16,7:30 PM,8:30 PM,Trades Hall (Fringe Hub),Comedy,,https://www.melbournefringe.com.au/whats-on/events/jeromaia-detto-giuseppes-love-quest,Get tickets,"Cnr Victoria & Lygon St, Carlton"
not-soooo-fresh-2026-10-16,Not Soooo Fresh,2026-10-16,7:30 PM,8:30 PM,Trades Hall (Fringe Hub),Theatre & Cabaret,,https://www.melbournefringe.com.au/whats-on/events/not-soooo-fresh,Get tickets,"Cnr Victoria & Lygon St, Carlton"
guillotine-or-a-modest-proposal-2026-10-16,"GUILLOTINE! or, A Modest Proposal",2026-10-16,8:00 PM,9:00 PM,Trades Hall (Fringe Hub),Comedy,,https://www.melbournefringe.com.au/whats-on/events/guillotine-or-a-modest-proposal,Get tickets,"Cnr Victoria & Lygon St, Carlton"
sink-or-sing-a-sing-a-long-cabaret-2026-10-16,Sink or SING! A Sing-a-long Cabaret,2026-10-16,8:00 PM,9:00 PM,Trades Hall (Fringe Hub),Theatre & Cabaret,,https://www.melbournefringe.com.au/whats-on/events/sink-or-sing-a-sing-a-long-cabaret,Get tickets,"Cnr Victoria & Lygon St, Carlton"
the-seven-ups-flight-album-launch-2026-10-16,THE SEVEN UPS 'FLIGHT' ALBUM LAUNCH,2026-10-16,8:00 PM,,The Curtin,Music,,https://johncurtinhotel.oztix.com.au/outlet/event/d7a1c36d-c305-4d9c-9605-e5d9211ecc65,Get tickets,"29 Lygon St, Carlton"
adore-h-ndels-birthday-party-2026-10-16,Adore Händel's Birthday Party,2026-10-16,8:30 PM,9:30 PM,Trades Hall (Fringe Hub),Theatre & Cabaret,,https://www.melbournefringe.com.au/whats-on/events/adore-haendels-birthday-party,Get tickets,"Cnr Victoria & Lygon St, Carlton"
i-promise-this-isnt-about-you-even-if-it-2026-10-16,I Promise This Isn’t About You (Even If It Feels Like It Is),2026-10-16,8:30 PM,9:30 PM,Trades Hall (Fringe Hub),Comedy,,https://www.melbournefringe.com.au/whats-on/events/i-promise-this-isn-t-about-you-even-if-it-feels-like-it-is,Get tickets,"Cnr Victoria & Lygon St, Carlton"
kapitalism-is-your-friend-2026-10-16,KAPITALISM IS YOUR FRIEND!,2026-10-16,8:30 PM,9:30 PM,Trades Hall (Fringe Hub),Theatre & Cabaret,,https://www.melbournefringe.com.au/whats-on/events/kapitalism-is-your-friend,Get tickets,"Cnr Victoria & Lygon St, Carlton"
new-balance-2026-10-16,New Balance,2026-10-16,9:00 PM,10:00 PM,Trades Hall (Fringe Hub),Theatre & Cabaret,,https://www.melbournefringe.com.au/whats-on/events/new-balance,Get tickets,"Cnr Victoria & Lygon St, Carlton"
a-nice-time-2026-10-16,A Nice Time,2026-10-16,9:45 PM,10:45 PM,Trades Hall (Fringe Hub),Comedy,,https://www.melbournefringe.com.au/whats-on/events/a-nice-time,Get tickets,"Cnr Victoria & Lygon St, Carlton"
rodney-rattus-after-dark-cabaret-2026-10-16,Rodney Rattus' After Dark Cabaret,2026-10-16,9:45 PM,10:45 PM,Trades Hall (Fringe Hub),Theatre & Cabaret,,https://www.melbournefringe.com.au/whats-on/events/rodney-rattus-after-dark-cabaret,Get tickets,"Cnr Victoria & Lygon St, Carlton"
club-fringe-scrub-a-dub-club-2026-10-16,CLUB FRINGE: Scrub A Dub Club,2026-10-16,10:00 PM,,Trades Hall (Fringe Hub),Music,,https://www.melbournefringe.com.au/whats-on/events/club-fringe-scrub-a-dub-club,Get tickets,"Cnr Victoria & Lygon St, Carlton"
crush-the-bug-2026-10-16,Crush The Bug,2026-10-16,10:00 PM,11:00 PM,Trades Hall (Fringe Hub),Theatre & Cabaret,,https://www.melbournefringe.com.au/whats-on/events/crush-the-bug,Get tickets,"Cnr Victoria & Lygon St, Carlton"
freidah-will-see-you-now-2026-10-17,Freidah Will See You Now,2026-10-17,3:30 PM,4:30 PM,Trades Hall (Fringe Hub),Comedy,,https://www.melbournefringe.com.au/whats-on/events/freidah-will-see-you-now#sessions-book-now,Get tickets,"Cnr Victoria & Lygon St, Carlton"
performer-contracts-101-2026-10-17,Performer Contracts 101,2026-10-17,3:45 PM,4:45 PM,Trades Hall (Fringe Hub),Talks & Community,,https://www.melbournefringe.com.au/whats-on/events/performer-contracts-101,Get tickets,"Cnr Victoria & Lygon St, Carlton"
new-balance-2026-10-17,New Balance,2026-10-17,4:00 PM,5:00 PM,Trades Hall (Fringe Hub),Theatre & Cabaret,,https://www.melbournefringe.com.au/whats-on/events/new-balance,Get tickets,"Cnr Victoria & Lygon St, Carlton"
freidah-will-see-you-now-2026-10-17-2,Freidah Will See You Now,2026-10-17,6:00 PM,7:00 PM,Trades Hall (Fringe Hub),Comedy,,https://www.melbournefringe.com.au/whats-on/events/freidah-will-see-you-now#sessions-book-now,Get tickets,"Cnr Victoria & Lygon St, Carlton"
le-bug-2026-10-17,Le Bug,2026-10-17,6:00 PM,7:00 PM,Trades Hall (Fringe Hub),Comedy,,https://www.melbournefringe.com.au/whats-on/events/le-bug,Get tickets,"Cnr Victoria & Lygon St, Carlton"
lost-in-translation-2026-10-17,Lost in Translation,2026-10-17,6:00 PM,7:00 PM,Trades Hall (Fringe Hub),Comedy,,https://www.melbournefringe.com.au/whats-on/events/lost-in-translation,Get tickets,"Cnr Victoria & Lygon St, Carlton"
play-2026-10-17,Play.,2026-10-17,6:00 PM,7:00 PM,Trades Hall (Fringe Hub),Theatre & Cabaret,,https://www.melbournefringe.com.au/whats-on/events/play,Get tickets,"Cnr Victoria & Lygon St, Carlton"
beray-uzunbay-as-the-muslim-jester-2026-10-17,Beray Uzunbay as the Muslim Jester,2026-10-17,6:15 PM,7:15 PM,Trades Hall (Fringe Hub),Comedy,,https://www.melbournefringe.com.au/whats-on/events/beray-uzunbay-as-the-muslim-jester,Get tickets,"Cnr Victoria & Lygon St, Carlton"
death-club-a-brush-with-death-2026-10-17,Death Club: A Brush With Death,2026-10-17,6:30 PM,9:00 PM,Trades Hall (Fringe Hub),Theatre & Cabaret,,https://www.melbournefringe.com.au/whats-on/events/death-club-a-brush-with-death,Get tickets,"Cnr Victoria & Lygon St, Carlton"
patchwork-dreaming-2026-10-17,Patchwork Dreaming,2026-10-17,6:30 PM,7:30 PM,Trades Hall (Fringe Hub),Theatre & Cabaret,,https://www.melbournefringe.com.au/whats-on/events/patchwork-dreaming,Get tickets,"Cnr Victoria & Lygon St, Carlton"
smoko-2026-10-17,SMOKO,2026-10-17,7:00 PM,8:00 PM,Trades Hall (Fringe Hub),Theatre & Cabaret,,https://www.melbournefringe.com.au/whats-on/events/smoko,Get tickets,"Cnr Victoria & Lygon St, Carlton"
hannah-camilleri-dinner-hannah-show-2026-10-17,Hannah Camilleri: Dinner Hannah Show,2026-10-17,7:15 PM,8:15 PM,Trades Hall (Fringe Hub),Comedy,,https://www.melbournefringe.com.au/whats-on/events/hannah-camilleri-dinner-hannah-show,Get tickets,"Cnr Victoria & Lygon St, Carlton"
mel-mcglensey-is-mucking-around-2026-10-17,Mel McGlensey is Mucking Around,2026-10-17,7:15 PM,8:15 PM,Trades Hall (Fringe Hub),Comedy,,https://www.melbournefringe.com.au/whats-on/events/mel-mcglensey-is-mucking-around,Get tickets,"Cnr Victoria & Lygon St, Carlton"
bitch-boxer-2026-10-17,Bitch Boxer,2026-10-17,7:30 PM,8:30 PM,Trades Hall (Fringe Hub),Theatre & Cabaret,,https://www.melbournefringe.com.au/whats-on/events/bitch-boxer,Get tickets,"Cnr Victoria & Lygon St, Carlton"
jeromaia-detto-giuseppes-love-quest-2026-10-17,Jeromaia Detto: Giuseppe's Love Quest,2026-10-17,7:30 PM,8:30 PM,Trades Hall (Fringe Hub),Comedy,,https://www.melbournefringe.com.au/whats-on/events/jeromaia-detto-giuseppes-love-quest,Get tickets,"Cnr Victoria & Lygon St, Carlton"
not-soooo-fresh-2026-10-17,Not Soooo Fresh,2026-10-17,7:30 PM,8:30 PM,Trades Hall (Fringe Hub),Theatre & Cabaret,,https://www.melbournefringe.com.au/whats-on/events/not-soooo-fresh,Get tickets,"Cnr Victoria & Lygon St, Carlton"
futurological-congress-2026-10-17,Futurological Congress,2026-10-17,8:00 PM,10:00 PM,Trades Hall (Fringe Hub),Theatre & Cabaret,,https://www.melbournefringe.com.au/whats-on/events/futurological-congress,Get tickets,"Cnr Victoria & Lygon St, Carlton"
guillotine-or-a-modest-proposal-2026-10-17,"GUILLOTINE! or, A Modest Proposal",2026-10-17,8:00 PM,9:00 PM,Trades Hall (Fringe Hub),Comedy,,https://www.melbournefringe.com.au/whats-on/events/guillotine-or-a-modest-proposal,Get tickets,"Cnr Victoria & Lygon St, Carlton"
reb-fountain-water-for-gasoline-album-to-2026-10-17,REB FOUNTAIN 'WATER FOR GASOLINE' ALBUM TOUR,2026-10-17,8:00 PM,,The Curtin,Music,,https://johncurtinhotel.oztix.com.au/outlet/event/a4e59673-b660-4f41-aaba-90a8365918f7,Get tickets,"29 Lygon St, Carlton"
sink-or-sing-a-sing-a-long-cabaret-2026-10-17,Sink or SING! A Sing-a-long Cabaret,2026-10-17,8:00 PM,9:00 PM,Trades Hall (Fringe Hub),Theatre & Cabaret,,https://www.melbournefringe.com.au/whats-on/events/sink-or-sing-a-sing-a-long-cabaret,Get tickets,"Cnr Victoria & Lygon St, Carlton"
adore-h-ndels-birthday-party-2026-10-17,Adore Händel's Birthday Party,2026-10-17,8:30 PM,9:30 PM,Trades Hall (Fringe Hub),Theatre & Cabaret,,https://www.melbournefringe.com.au/whats-on/events/adore-haendels-birthday-party,Get tickets,"Cnr Victoria & Lygon St, Carlton"
i-promise-this-isnt-about-you-even-if-it-2026-10-17,I Promise This Isn’t About You (Even If It Feels Like It Is),2026-10-17,8:30 PM,9:30 PM,Trades Hall (Fringe Hub),Comedy,,https://www.melbournefringe.com.au/whats-on/events/i-promise-this-isn-t-about-you-even-if-it-feels-like-it-is,Get tickets,"Cnr Victoria & Lygon St, Carlton"
kapitalism-is-your-friend-2026-10-17,KAPITALISM IS YOUR FRIEND!,2026-10-17,8:30 PM,9:30 PM,Trades Hall (Fringe Hub),Theatre & Cabaret,,https://www.melbournefringe.com.au/whats-on/events/kapitalism-is-your-friend,Get tickets,"Cnr Victoria & Lygon St, Carlton"
new-balance-2026-10-17-2,New Balance,2026-10-17,9:00 PM,10:00 PM,Trades Hall (Fringe Hub),Theatre & Cabaret,,https://www.melbournefringe.com.au/whats-on/events/new-balance,Get tickets,"Cnr Victoria & Lygon St, Carlton"
a-nice-time-2026-10-17,A Nice Time,2026-10-17,9:45 PM,10:45 PM,Trades Hall (Fringe Hub),Comedy,,https://www.melbournefringe.com.au/whats-on/events/a-nice-time,Get tickets,"Cnr Victoria & Lygon St, Carlton"
rodney-rattus-after-dark-cabaret-2026-10-17,Rodney Rattus' After Dark Cabaret,2026-10-17,9:45 PM,10:45 PM,Trades Hall (Fringe Hub),Theatre & Cabaret,,https://www.melbournefringe.com.au/whats-on/events/rodney-rattus-after-dark-cabaret,Get tickets,"Cnr Victoria & Lygon St, Carlton"
club-fringe-tales-from-the-grave-revampe-2026-10-17,CLUB FRINGE: Tales from the Grave - ReVamped,2026-10-17,10:00 PM,,Trades Hall (Fringe Hub),Music,,https://www.melbournefringe.com.au/whats-on/events/club-fringe-tales-from-the-grave-revamped,Get tickets,"Cnr Victoria & Lygon St, Carlton"
crush-the-bug-2026-10-17,Crush The Bug,2026-10-17,10:00 PM,11:00 PM,Trades Hall (Fringe Hub),Theatre & Cabaret,,https://www.melbournefringe.com.au/whats-on/events/crush-the-bug,Get tickets,"Cnr Victoria & Lygon St, Carlton"
sunday-roast-2026-10-18,Sunday Roast,2026-10-18,12:00 PM,,The Lincoln,Food & Drink,,https://www.hotellincoln.com.au/whats-on,What's on,"91 Cardigan St, Carlton"
sunday-jazz-2026-10-18,Sunday Jazz,2026-10-18,1:00 PM,4:00 PM,The Clyde Hotel,Music,Every Sunday,https://www.theclydehotel.com.au/,What's on,"385 Cardigan St, Carlton"
freidah-will-see-you-now-2026-10-18,Freidah Will See You Now,2026-10-18,5:00 PM,6:00 PM,Trades Hall (Fringe Hub),Comedy,,https://www.melbournefringe.com.au/whats-on/events/freidah-will-see-you-now#sessions-book-now,Get tickets,"Cnr Victoria & Lygon St, Carlton"
le-bug-2026-10-18,Le Bug,2026-10-18,5:00 PM,6:00 PM,Trades Hall (Fringe Hub),Comedy,,https://www.melbournefringe.com.au/whats-on/events/le-bug,Get tickets,"Cnr Victoria & Lygon St, Carlton"
lost-in-translation-2026-10-18,Lost in Translation,2026-10-18,5:00 PM,6:00 PM,Trades Hall (Fringe Hub),Comedy,,https://www.melbournefringe.com.au/whats-on/events/lost-in-translation,Get tickets,"Cnr Victoria & Lygon St, Carlton"
play-2026-10-18,Play.,2026-10-18,5:00 PM,6:00 PM,Trades Hall (Fringe Hub),Theatre & Cabaret,,https://www.melbournefringe.com.au/whats-on/events/play,Get tickets,"Cnr Victoria & Lygon St, Carlton"
beray-uzunbay-as-the-muslim-jester-2026-10-18,Beray Uzunbay as the Muslim Jester,2026-10-18,5:15 PM,6:15 PM,Trades Hall (Fringe Hub),Comedy,,https://www.melbournefringe.com.au/whats-on/events/beray-uzunbay-as-the-muslim-jester,Get tickets,"Cnr Victoria & Lygon St, Carlton"
patchwork-dreaming-2026-10-18,Patchwork Dreaming,2026-10-18,5:30 PM,6:30 PM,Trades Hall (Fringe Hub),Theatre & Cabaret,,https://www.melbournefringe.com.au/whats-on/events/patchwork-dreaming,Get tickets,"Cnr Victoria & Lygon St, Carlton"
smoko-2026-10-18,SMOKO,2026-10-18,6:00 PM,7:00 PM,Trades Hall (Fringe Hub),Theatre & Cabaret,,https://www.melbournefringe.com.au/whats-on/events/smoko,Get tickets,"Cnr Victoria & Lygon St, Carlton"
hannah-camilleri-dinner-hannah-show-2026-10-18,Hannah Camilleri: Dinner Hannah Show,2026-10-18,6:15 PM,7:15 PM,Trades Hall (Fringe Hub),Comedy,,https://www.melbournefringe.com.au/whats-on/events/hannah-camilleri-dinner-hannah-show,Get tickets,"Cnr Victoria & Lygon St, Carlton"
mel-mcglensey-is-mucking-around-2026-10-18,Mel McGlensey is Mucking Around,2026-10-18,6:15 PM,7:15 PM,Trades Hall (Fringe Hub),Comedy,,https://www.melbournefringe.com.au/whats-on/events/mel-mcglensey-is-mucking-around,Get tickets,"Cnr Victoria & Lygon St, Carlton"
bitch-boxer-2026-10-18,Bitch Boxer,2026-10-18,6:30 PM,7:30 PM,Trades Hall (Fringe Hub),Theatre & Cabaret,,https://www.melbournefringe.com.au/whats-on/events/bitch-boxer,Get tickets,"Cnr Victoria & Lygon St, Carlton"
jeromaia-detto-giuseppes-love-quest-2026-10-18,Jeromaia Detto: Giuseppe's Love Quest,2026-10-18,6:30 PM,7:30 PM,Trades Hall (Fringe Hub),Comedy,,https://www.melbournefringe.com.au/whats-on/events/jeromaia-detto-giuseppes-love-quest,Get tickets,"Cnr Victoria & Lygon St, Carlton"
not-soooo-fresh-2026-10-18,Not Soooo Fresh,2026-10-18,6:30 PM,7:30 PM,Trades Hall (Fringe Hub),Theatre & Cabaret,,https://www.melbournefringe.com.au/whats-on/events/not-soooo-fresh,Get tickets,"Cnr Victoria & Lygon St, Carlton"
guillotine-or-a-modest-proposal-2026-10-18,"GUILLOTINE! or, A Modest Proposal",2026-10-18,7:00 PM,8:00 PM,Trades Hall (Fringe Hub),Comedy,,https://www.melbournefringe.com.au/whats-on/events/guillotine-or-a-modest-proposal,Get tickets,"Cnr Victoria & Lygon St, Carlton"
sink-or-sing-a-sing-a-long-cabaret-2026-10-18,Sink or SING! A Sing-a-long Cabaret,2026-10-18,7:00 PM,8:00 PM,Trades Hall (Fringe Hub),Theatre & Cabaret,,https://www.melbournefringe.com.au/whats-on/events/sink-or-sing-a-sing-a-long-cabaret,Get tickets,"Cnr Victoria & Lygon St, Carlton"
adore-h-ndels-birthday-party-2026-10-18,Adore Händel's Birthday Party,2026-10-18,7:30 PM,8:30 PM,Trades Hall (Fringe Hub),Theatre & Cabaret,,https://www.melbournefringe.com.au/whats-on/events/adore-haendels-birthday-party,Get tickets,"Cnr Victoria & Lygon St, Carlton"
i-promise-this-isnt-about-you-even-if-it-2026-10-18,I Promise This Isn’t About You (Even If It Feels Like It Is),2026-10-18,7:30 PM,8:30 PM,Trades Hall (Fringe Hub),Comedy,,https://www.melbournefringe.com.au/whats-on/events/i-promise-this-isn-t-about-you-even-if-it-feels-like-it-is,Get tickets,"Cnr Victoria & Lygon St, Carlton"
kapitalism-is-your-friend-2026-10-18,KAPITALISM IS YOUR FRIEND!,2026-10-18,7:30 PM,8:30 PM,Trades Hall (Fringe Hub),Theatre & Cabaret,,https://www.melbournefringe.com.au/whats-on/events/kapitalism-is-your-friend,Get tickets,"Cnr Victoria & Lygon St, Carlton"
new-balance-2026-10-18,New Balance,2026-10-18,8:00 PM,9:00 PM,Trades Hall (Fringe Hub),Theatre & Cabaret,,https://www.melbournefringe.com.au/whats-on/events/new-balance,Get tickets,"Cnr Victoria & Lygon St, Carlton"
rodney-rattus-after-dark-cabaret-2026-10-18,Rodney Rattus' After Dark Cabaret,2026-10-18,8:45 PM,9:45 PM,Trades Hall (Fringe Hub),Theatre & Cabaret,,https://www.melbournefringe.com.au/whats-on/events/rodney-rattus-after-dark-cabaret,Get tickets,"Cnr Victoria & Lygon St, Carlton"
club-fringe-awards-ceremony-and-closing-2026-10-18,CLUB FRINGE: Awards Ceremony and Closing Night Party,2026-10-18,9:00 PM,,Trades Hall (Fringe Hub),Music,,https://www.melbournefringe.com.au/whats-on/events/club-fringe-awards-ceremony-and-closing-night-party,Get tickets,"Cnr Victoria & Lygon St, Carlton"
crush-the-bug-2026-10-18,Crush The Bug,2026-10-18,9:00 PM,10:00 PM,Trades Hall (Fringe Hub),Theatre & Cabaret,,https://www.melbournefringe.com.au/whats-on/events/crush-the-bug,Get tickets,"Cnr Victoria & Lygon St, Carlton"
a-nice-time-2026-10-18,A Nice Time,2026-10-18,9:45 PM,10:45 PM,Trades Hall (Fringe Hub),Comedy,,https://www.melbournefringe.com.au/whats-on/events/a-nice-time,Get tickets,"Cnr Victoria & Lygon St, Carlton"
the-ttrpg-writers-guild-2026-10-21,The TTRPG Writers Guild,2026-10-21,6:00 PM,9:00 PM,Elder Gods and Dragons,Games & Play,,https://www.egad.com.au/event-details-registration/the-ttrpg-writers-guild-2026-10-21-18-00,Register,"Unit 5/233 Cardigan St, Carlton"
sir-richard-bishop-usa-2026-10-22,SIR RICHARD BISHOP (USA),2026-10-22,7:30 PM,8:30 PM,The Curtin,Music,,https://johncurtinhotel.oztix.com.au/outlet/event/41fa2ffa-4ae9-464e-b8d1-58d02d67536c,Get tickets,"29 Lygon St, Carlton"
collapse-of-the-pharos-2026-10-24,Collapse of the Pharos,2026-10-24,2:00 PM,5:00 PM,Elder Gods and Dragons,Games & Play,,https://www.egad.com.au/event-details-registration/collapse-of-the-pharos,Register,"Unit 5/233 Cardigan St, Carlton"
kilat-tirai-niskala-album-launch-2026-10-24,KILAT 'TIRAI NISKALA' ALBUM LAUNCH,2026-10-24,8:00 PM,,The Curtin,Music,,https://johncurtinhotel.oztix.com.au/outlet/event/410acf52-1c9c-45a6-9833-bd37c87edfb7,Get tickets,"29 Lygon St, Carlton"
sunday-roast-2026-10-25,Sunday Roast,2026-10-25,12:00 PM,,The Lincoln,Food & Drink,,https://www.hotellincoln.com.au/whats-on,What's on,"91 Cardigan St, Carlton"
sunday-jazz-2026-10-25,Sunday Jazz,2026-10-25,1:00 PM,4:00 PM,The Clyde Hotel,Music,Every Sunday,https://www.theclydehotel.com.au/,What's on,"385 Cardigan St, Carlton"
the-devils-ball-victorian-gothic-edition-2026-10-31,THE DEVIL'S BALL: VICTORIAN GOTHIC EDITION FEAT. DANE BLACKLOCK AND THE PREACHER'S DAUGHTER,2026-10-31,7:00 PM,,The Curtin,Music,,https://johncurtinhotel.oztix.com.au/outlet/event/b7ea2da6-501e-4a0e-aa80-a9a989a9ffea,Get tickets,"29 Lygon St, Carlton"
mr-mcclellands-finishing-school-2026-11-27,Mr McClelland's Finishing School,2026-11-27,9:00 PM,10:00 PM,"Fringe Common Rooms, Trades Hall",Music,,https://www.melbournefringe.com.au/whats-on/common-room-events/mr-mcclellands-finishing-school,Get tickets,"Cnr Victoria & Lygon St, Carlton"
